experiment,split,date,member,sha256,target_day,predicted_day,baseline_day
Month1,train,2024-03-09,Data/2024-03-09/cam1=18-55-32_segment_1.png,ba12b0c4e0397ed637e036773cb6c3766e8ca59e6f6b51c7739b49194f871919,0,11.215201670926085,17.0
Month1,train,2024-03-09,Data/2024-03-09/cam1=20-19-28_segment_0.png,8409b787464c2775e908c294f933e0adc6ff1125bc6bdcbc735385ef3baf6656,0,10.076537894653079,17.0
Month1,train,2024-03-09,Data/2024-03-09/cam1=20-30-35_segment_0.png,4f6d072ab1e464435d1bef0d03fd5207b90c367a5432369c41354a25f837be1e,0,7.40318908501619,17.0
Month1,train,2024-03-09,Data/2024-03-09/cam1=20-57-19_segment_0.png,ea556cd65862c90386cf609e2ce501c354c039ad77983fbd59f7b6ae9a919a11,0,10.682263345335668,17.0
Month1,train,2024-03-09,Data/2024-03-09/cam1=20-59-11_segment_0.png,46095b5b9abf235fc690b244c63b8482d6f703298c1eedf9fbfaeb9a0824ba05,0,10.684345400493541,17.0
Month1,train,2024-03-09,Data/2024-03-09/cam1=21-01-15_segment_0.png,689283e4e76f7366f8a3029a29de7188f39470e14be242924980b70b3a7161bc,0,10.59965780375428,17.0
Month1,train,2024-03-09,Data/2024-03-09/cam1=21-02-41_segment_0.png,ef048c19cbcd71ddcfbad093145cefd472806af96c76aab9778e5281acdf0574,0,10.617406699739732,17.0
Month1,train,2024-03-09,Data/2024-03-09/cam1=21-22-46_segment_0.png,82bf4b62621c45ba90d45acf212a41e621ad5129b596736fd86f2c3dd8221518,0,10.633888818918079,17.0
Month1,train,2024-03-09,Data/2024-03-09/cam2=18-47-42_segment_0.png,9de7b6978217a442774a750403574924493f2c5a016505e3801c5b31b9a029ef,0,7.918583271547926,17.0
Month1,train,2024-03-09,Data/2024-03-09/cam2=18-49-09_segment_0.png,c39e59a1eef5d6a4932742c8432fa8dd26c772b730ffccaddaf66fa33aa7cdc3,0,9.486497287455952,17.0
Month1,train,2024-03-09,Data/2024-03-09/cam2=18-54-12_segment_0.png,6d42173238cfdd9b107fa555cc8fc7816b90b42353fceca23673b73bd731f425,0,10.68523190119712,17.0
Month1,train,2024-03-09,Data/2024-03-09/cam2=20-32-51_segment_0.png,b7533ad180ebdcdc35dec2997b6b21053bd894f66b6bd852af7f3aec03017785,0,10.98484247418242,17.0
Month1,train,2024-03-10,Data/2024-03-10/cam1=14-35-28_segment_0.png,caaa15614195968267fcbec0e02106ab2236cb2e488df9663cabfe8b3d84bc65,1,8.574624537588502,17.0
Month1,train,2024-03-10,Data/2024-03-10/cam1=14-47-26_segment_0.png,ed480a0755f705f736e17cffa0ece013ec1cf6b759cf9f9474cc1e8f18fbe7a6,1,8.878971370683924,17.0
Month1,train,2024-03-10,Data/2024-03-10/cam1=14-59-46_segment_0.png,8bab7e1973930c6edc23881a4712980eb0c9a87e5cf569f8c9b072dba358a2aa,1,8.951296602218024,17.0
Month1,train,2024-03-10,Data/2024-03-10/cam1=15-00-39_segment_0.png,b90935cea39b766e6fdbde112575dfb606e2c99a405f43843918a8006e273220,1,8.979093981612616,17.0
Month1,train,2024-03-10,Data/2024-03-10/cam2=14-36-50_segment_1.png,2a26464926ebbb3ae111013d8b632729fe0678e3870bcac2cb33f69dfd40f0cc,1,8.031729936908988,17.0
Month1,train,2024-03-10,Data/2024-03-10/cam2=14-37-22_segment_0.png,3c42d06ca922c0880f517592c4daf45077de4b305bbe963d9a2bbf40b1d64e68,1,6.618379663719313,17.0
Month1,train,2024-03-10,Data/2024-03-10/cam2=14-40-38_segment_1.png,e3226d70bd3fd371e2d992ccf080a50ebe6a11b5b5de2485438db9a36d0026db,1,6.853333516757316,17.0
Month1,train,2024-03-10,Data/2024-03-10/cam2=14-44-10_segment_0.png,2e57bb869684334acb877c943a17267bfaa62f08b433b6ee6b63d7017a55f80b,1,6.778841053332629,17.0
Month1,train,2024-03-10,Data/2024-03-10/cam2=14-44-10_segment_1.png,453edfed02db0f3c2876ad77c00e8698ca695ce08403a27c3b6e5dfde84bd625,1,5.9554700174928,17.0
Month1,train,2024-03-10,Data/2024-03-10/cam2=14-45-26_segment_1.png,f0be12360257c56d7b6aa8a02da88ee55082a7d22a12167ba369fdc082ddae01,1,8.136737786469414,17.0
Month1,train,2024-03-10,Data/2024-03-10/cam2=14-46-46_segment_0.png,596604c4a904f50fcee3b61c896a64f82c50dcd3f8c83ac9769b14ef7bdd0ac1,1,6.848597211974647,17.0
Month1,train,2024-03-10,Data/2024-03-10/cam2=14-48-06_segment_1.png,201fb40fb5d5a33a7f30ddf2f1d8858a1d9253e4f7879055d8338fa60ac63694,1,6.480447546018713,17.0
Month1,train,2024-03-11,Data/2024-03-11/cam1=15-27-26_segment_1.png,7f62e2a769daa04cb2d7f765b71e6b29524db3f98912c64ff6f1b85b73da7cc9,2,8.843660910474883,17.0
Month1,train,2024-03-11,Data/2024-03-11/cam1=15-29-14_segment_0.png,03885ae6db44e7d74393af9312d6e10e0a92257a482bd2ba7f37a918a6ac0939,2,8.65806656925253,17.0
Month1,train,2024-03-11,Data/2024-03-11/cam1=15-39-21_segment_0.png,b73b5f810eaa6c4fbfd92fb0dd3cf0085f59285e41452afbfb28820325fe97f1,2,6.508621019741362,17.0
Month1,train,2024-03-11,Data/2024-03-11/cam1=15-41-59_segment_0.png,2ff71e295beb9caf994cdf031ace2fe41574fe23ace047d03076819dbba0f94b,2,6.8095727264396855,17.0
Month1,train,2024-03-11,Data/2024-03-11/cam1=15-56-40_segment_1.png,e18b3fa2d0bd69ae99bc22dca6e82fec6abed51df9f54418e050ad8626348120,2,6.353994592994218,17.0
Month1,train,2024-03-11,Data/2024-03-11/cam1=15-56-48_segment_1.png,35309f9e0e3fb65db74274ccec2c11ab30bbeda57911b5c3ce10c4da3ccc1313,2,5.4929053614719905,17.0
Month1,train,2024-03-11,Data/2024-03-11/cam1=15-57-17_segment_0.png,d4bd2fb400e80a9d3eaff6abf840c8a938ea93493a03c65d298b03d8d8b8c2e3,2,6.182313222165841,17.0
Month1,train,2024-03-11,Data/2024-03-11/cam1=16-01-16_segment_0.png,1737527c95dfa5b7d7305b1cf2b67105c02c2c035eb0a88277f4790864651ff9,2,5.401524476133538,17.0
Month1,train,2024-03-11,Data/2024-03-11/cam1=16-07-50_segment_0.png,a8374f39bda0bac150a90f1a433f63c6b7fb36bce5e4d20cf077c650d9e25de0,2,6.210651585213789,17.0
Month1,train,2024-03-11,Data/2024-03-11/cam2=15-38-47_segment_0.png,cd57fcc1bd6e5b3f3aa4f8e7097da086fdc76f59a66e0b77881384a28e307a0c,2,5.694046839976643,17.0
Month1,train,2024-03-11,Data/2024-03-11/cam2=15-52-45_segment_0.png,46a0ba55a662428b60b6bdc449d51373409aa7297d2df168cec51b60f5d96b50,2,5.723882303038398,17.0
Month1,train,2024-03-11,Data/2024-03-11/cam2=15-58-32_segment_0.png,967f2fc200c352be85b74cbc2a03ef24568250cec962ba3016a26951dd5c331f,2,5.706266153414463,17.0
Month1,train,2024-03-12,Data/2024-03-12/cam1=12-31-04_segment_0.png,14ac764e93473177c53206b522c891d35b90f4b4573b9c5669727cef38a9e044,3,12.444351286139023,17.0
Month1,train,2024-03-12,Data/2024-03-12/cam1=12-41-12_segment_1.png,ecad9e1549e69305cab546fd3e439af21ca6c58686f55811b0613adca3658b6e,3,10.003790880615671,17.0
Month1,train,2024-03-12,Data/2024-03-12/cam1=12-52-47_segment_2.png,9944aa7e2e568d3df3fc4e62cdaa1d812cb4fa94c4a93e8e4b214339268b46f7,3,9.382547911323222,17.0
Month1,train,2024-03-12,Data/2024-03-12/cam2=12-31-43_segment_0.png,a9a6007d05619d86773c2370b356601addb1c51c3517f49e85fc306a93f96848,3,13.835703536650163,17.0
Month1,train,2024-03-12,Data/2024-03-12/cam2=12-34-15_segment_2.png,0e2f3cb9644b5f751beb2a95ba8a3c4f16b5250801e2483d826b36189ab874df,3,8.933070931198493,17.0
Month1,train,2024-03-12,Data/2024-03-12/cam2=12-37-32_segment_1.png,086f8d97942940a0839b78cee9e598dacfb13c0122559f5be384e07cbdca3f03,3,8.83403955752382,17.0
Month1,train,2024-03-12,Data/2024-03-12/cam2=12-43-36_segment_0.png,a4f52ac76fb5c38869bedda0af6a46b544acbe48341eb5f12551fa5c016969ba,3,9.215893557401536,17.0
Month1,train,2024-03-12,Data/2024-03-12/cam2=12-45-15_segment_2.png,a898fbbe2e4f57c5cb7f0e2e836eba3c7eeea131e082750bf86b483b1aa5693f,3,8.747589638937516,17.0
Month1,train,2024-03-12,Data/2024-03-12/cam2=12-47-32_segment_2.png,7f19bec0d514b13f1587bb774f290e06cc076f4c8ea24c3896c027f67c241caf,3,9.601457936480848,17.0
Month1,train,2024-03-12,Data/2024-03-12/cam2=12-50-19_segment_0.png,a131e18d206cadbd3f7d8cc4e036691ed8bffd04229e860c522dc480a6cfcd46,3,9.390209410553256,17.0
Month1,train,2024-03-12,Data/2024-03-12/cam2=12-52-31_segment_2.png,bb0f919a75c9f351c8935c992cf145c9ed05a0da9673cf1f83d965c331633ca6,3,9.884091768289247,17.0
Month1,train,2024-03-12,Data/2024-03-12/cam2=12-54-48_segment_2.png,e08a9492582e0234e56ce60d94e68733e3d458a4723024452bf836fc8fda1be9,3,9.77441627015792,17.0
Month1,train,2024-03-14,Data/2024-03-14/cam1=15-43-45_segment_2.png,fd5956f34820957cc03bbbe8197713c35c065245bd43c5af756bdbf8fcd2d327,5,9.221054384084217,17.0
Month1,train,2024-03-14,Data/2024-03-14/cam1=15-52-57_segment_0.png,71ecd7d32c17f20345452a32a4d96410af450224c3303ec4acaff0693db9c043,5,13.416303118957176,17.0
Month1,train,2024-03-14,Data/2024-03-14/cam2=15-42-15_segment_1.png,163121d2d4d0255ae510ae351c7cd8c9576f328e26582f559661d010bc214541,5,12.335786159070272,17.0
Month1,train,2024-03-14,Data/2024-03-14/cam2=15-44-40_segment_0.png,458e33cbc36f66f0b87fc79bd1dde7c7d9be349794ad3215fb4c1481e4bd5848,5,7.169288948989852,17.0
Month1,train,2024-03-14,Data/2024-03-14/cam2=15-47-00_segment_0.png,b7f1530cc57a65125a95f697c0764eee50f05cbf2f707d5ac31914859020766a,5,7.7808998112838434,17.0
Month1,train,2024-03-14,Data/2024-03-14/cam2=15-47-00_segment_2.png,867076d346a486024094b9c5aab8df01eb836314dc92b3562f323b4cde511bc2,5,7.564874319554029,17.0
Month1,train,2024-03-14,Data/2024-03-14/cam2=15-48-04_segment_0.png,c496c3fd979d83482cb4a8049c587a3a40850bf57fac10f18287e9969469c24e,5,6.821929798158554,17.0
Month1,train,2024-03-14,Data/2024-03-14/cam2=15-48-04_segment_1.png,a3ddccb7723a9fd23abc5e243218a192e0103699c45fa98c2e10df16167a73f4,5,7.384757823751466,17.0
Month1,train,2024-03-14,Data/2024-03-14/cam2=15-48-04_segment_3.png,a45c5b6ddb48e28c62c0e430c5a57a940c8497f3483206e9ce1dea02e54ce485,5,7.555395141811226,17.0
Month1,train,2024-03-14,Data/2024-03-14/cam2=15-49-39_segment_2.png,465545775725bf5313785c561d221297ce74c4132b145af4bf6290903f12b231,5,7.372000669990598,17.0
Month1,train,2024-03-14,Data/2024-03-14/cam2=15-49-55_segment_2.png,834fbf7908f1708d52d3184cd07259316f5494def661893cccbcc5ea65d65475,5,7.338170611888362,17.0
Month1,train,2024-03-14,Data/2024-03-14/cam2=15-50-16_segment_2.png,f1971cb32be25360a6fb661f4431b663571e744b2e005fc620b9e9ec70e45fb7,5,7.207258825189218,17.0
Month1,train,2024-03-17,Data/2024-03-17/cam1=14-42-53_segment_3.png,52042577b6d55c2c0e7ef2b41bbbe982c4cf971e77b059b8884605021773a812,8,10.879965374283065,17.0
Month1,train,2024-03-17,Data/2024-03-17/cam1=14-49-30_segment_0.png,8195cc9a7e4a0899a103b74eb9d1efbb1386baf6e6a936b4eaf5793aabadfd2b,8,11.031248693566418,17.0
Month1,train,2024-03-17,Data/2024-03-17/cam1=15-06-39_segment_4.png,9e808de855da32f00c76657fda43f841241a3e1fbb78e612b7c1aebce8b98eb3,8,10.932073718814035,17.0
Month1,train,2024-03-17,Data/2024-03-17/cam1=15-08-37_segment_1.png,ab0fd967d37a34e611d0ae3c38a30271c6c88d2ed3bf3b214e77606b1531ed1a,8,11.89866562524173,17.0
Month1,train,2024-03-17,Data/2024-03-17/cam1=15-14-51_segment_4.png,de4f76a6b83a76724d001bf93908cdb035672f647b38eb2f0c920f7a8eca2d76,8,11.285799630358035,17.0
Month1,train,2024-03-17,Data/2024-03-17/cam2=14-38-36_segment_2.png,3b200058287ecb18684de776b866863457aa5e328524382fa2e4e2fb4024fc8a,8,10.218345750843227,17.0
Month1,train,2024-03-17,Data/2024-03-17/cam2=14-47-44_segment_3.png,a05fd35793bf5dc0417396152f96bfed30bbeb02912d2c2b040dcb8984dd3b85,8,8.8752749677381,17.0
Month1,train,2024-03-17,Data/2024-03-17/cam2=15-01-37_segment_4.png,a040edb9a6ef2c8de6b66e0e6b45e7325ea2b2c6577821e64b56e14fbfe24721,8,10.948002946038912,17.0
Month1,train,2024-03-17,Data/2024-03-17/cam2=15-07-22_segment_5.png,320ab2748e87e8c73542d4145b959196eed905995bf6107c91c3dfc95d7b579d,8,8.552007398672307,17.0
Month1,train,2024-03-17,Data/2024-03-17/cam2=15-22-15_segment_1.png,0d96878c6c22bd20cad7763f0f8e97f2e2f57e0b0cc3e16adc870bc3d34ab209,8,11.090370693294451,17.0
Month1,train,2024-03-17,Data/2024-03-17/cam2=15-29-06_segment_4.png,8c0549af4c5c3f06914a64c0d36017514be8f8efe603708a68cdd7a3905eab11,8,10.044729918482549,17.0
Month1,train,2024-03-17,Data/2024-03-17/cam2=15-30-01_segment_2.png,c9a36857dae6972528431b3407045dbb32c643e4daee3cf3e142f60731d9923c,8,10.278541502395006,17.0
Month1,train,2024-03-19,Data/2024-03-19/cam1=15-58-54_segment_1.png,964453e40c2c4140eb9844fa31b6a32cf5ce6e102ce3bb5df9a9a53ccc3aacdf,10,14.66446541250875,17.0
Month1,train,2024-03-19,Data/2024-03-19/cam1=15-59-50_segment_0.png,2990dee204a51ef875811fa6b8a4f0f60b25ca350f87a47bbc193c2175dbdbb5,10,13.931410760248891,17.0
Month1,train,2024-03-19,Data/2024-03-19/cam1=16-00-05_segment_3.png,dfb6bf536e53ccbbd872701a784c2dcd766e8721c9415cb68fcd7c45757e2e42,10,14.02448096595992,17.0
Month1,train,2024-03-19,Data/2024-03-19/cam1=16-10-17_segment_5.png,022c0f1835a567bf96043f288be60f46b5f581e2a8d0d3ed5f74af6f8c7da04c,10,11.396816262902192,17.0
Month1,train,2024-03-19,Data/2024-03-19/cam2=15-53-56_segment_0.png,d78131aac140a59be07941385ce238358e747f5aa69aa9076538afb02244db82,10,14.56419432152816,17.0
Month1,train,2024-03-19,Data/2024-03-19/cam2=15-53-56_segment_5.png,462232e519549811ab0bea935baff0a06b75657cb4e019010b28f7ffce4decb0,10,13.013493776941687,17.0
Month1,train,2024-03-19,Data/2024-03-19/cam2=15-57-45_segment_0.png,835422da6e838c01fd92916c66cf207e978bc622e7408b71a85d8776ab842290,10,12.696049579888184,17.0
Month1,train,2024-03-19,Data/2024-03-19/cam2=16-06-50_segment_1.png,c2000c0b393d849b82f99c519af9a19ef86a277c0b961e92e0734397dbf52c67,10,17.00617141774921,17.0
Month1,train,2024-03-19,Data/2024-03-19/cam2=16-07-30_segment_0.png,2e151b059b08fc705b38144999d1ea84c393fedfeb5fe7b186e542be397080ef,10,17.503589836632244,17.0
Month1,train,2024-03-19,Data/2024-03-19/cam2=16-09-45_segment_0.png,367120aed6a7506ba81332659621237455cac2da59101ce7c04f629b20c5594f,10,12.633034429596773,17.0
Month1,train,2024-03-19,Data/2024-03-19/cam2=16-11-33_segment_1.png,d36d6011bae8a47ec853198a32a25af8967502de29442f44898f8098eb0597b6,10,13.94128302073255,17.0
Month1,train,2024-03-19,Data/2024-03-19/cam2=16-11-33_segment_3.png,946b5be8c9d09770cd5a0e72dfe748c39727d299209314245985ec8264c3a3df,10,14.106583360607223,17.0
Month1,train,2024-03-24,Data/2024-03-24/cam1=15-12-03_segment_1.png,fdd944ab70f2e85616cf11d1b61778d18190ce2cc383d3c6b6d5f840af0d09c9,15,15.543402651817416,17.0
Month1,train,2024-03-24,Data/2024-03-24/cam1=15-15-36_segment_5.png,93227ce0ddf5e465c6dd53960450a06ac51760a91d54337c2d5914d3846444ee,15,14.49084367236839,17.0
Month1,train,2024-03-24,Data/2024-03-24/cam1=15-16-42_segment_2.png,eb4f2ea78375a55c4cf1b1fba2e36f1f7ef9048ab3e696e98fe7f46c3d7e51cb,15,15.0680722399476,17.0
Month1,train,2024-03-24,Data/2024-03-24/cam1=15-17-48_segment_1.png,501c87a5d52ad0399fe2b66fa8147b005c66a853bfd0d067887a9426491f8762,15,12.024922051847815,17.0
Month1,train,2024-03-24,Data/2024-03-24/cam1=15-17-48_segment_3.png,973e741a517fec6006efb72e4f6f22909b3689dc65d22e9ea5bfe594860ccd9d,15,14.226214949993803,17.0
Month1,train,2024-03-24,Data/2024-03-24/cam1=15-19-15_segment_1.png,6380a05907e06448192bbfa08c00ab8c280565661733511cef139ce692c6d469,15,15.648778692828055,17.0
Month1,train,2024-03-24,Data/2024-03-24/cam1=15-19-31_segment_2.png,4bb0c550a5fb6a26c5ffe14f846a4a1a2a56bd3cddd8a96bbcd888cbef2bdd50,15,15.022368796566218,17.0
Month1,train,2024-03-24,Data/2024-03-24/cam2=15-11-55_segment_0.png,7e25d801f82c24cbbc952cb133d07e09aeb58e1f62f9f5c0e7b8936da8bad362,15,15.850898366657852,17.0
Month1,train,2024-03-24,Data/2024-03-24/cam2=15-13-45_segment_2.png,37fdf9e427837e0dd1289e946816ee2d076d2103874145f88cd57ccc26caa588,15,12.953305412895489,17.0
Month1,train,2024-03-24,Data/2024-03-24/cam2=15-14-17_segment_1.png,5df7873a90fd7d8c6102730bb91a42fdde74ef076540dc904563ab71bd03f9d8,15,15.165047891031003,17.0
Month1,train,2024-03-24,Data/2024-03-24/cam2=15-15-48_segment_6.png,f7c59e57b582265ff42bf8da6c1cfd1626c1de31aaf21af5c6195fa509a74617,15,14.66114134059125,17.0
Month1,train,2024-03-24,Data/2024-03-24/cam2=15-19-15_segment_1.png,b686b3a41bb528facfb8c0b0677a82316d3253df45194216e43e30504465a0cb,15,15.567886706245934,17.0
Month1,train,2024-03-26,Data/2024-03-26/cam1=14-45-12_segment_3.png,beb06f94e8527b377bdb67f963772bf7e1e7594b67b981ba1644abf483f463c7,17,12.9168284868328,17.0
Month1,train,2024-03-26,Data/2024-03-26/cam1=14-45-12_segment_4.png,4fac093d9c14a6ec55995a09ca88173ca243a16e11680026eaa86c629b3ba5b5,17,11.496539447105986,17.0
Month1,train,2024-03-26,Data/2024-03-26/cam1=14-45-32_segment_0.png,b71d01813d23cf9385b28047e4491ba189a18ffdec25ca81ffa4562425cb130f,17,13.783878921489675,17.0
Month1,train,2024-03-26,Data/2024-03-26/cam1=14-47-03_segment_4.png,84bd39effcd008189babf533e6d1fa8dbbc47450501c3100004fd92b9c04b162,17,12.939608199331476,17.0
Month1,train,2024-03-26,Data/2024-03-26/cam1=14-48-18_segment_5.png,351a520e889ca719c8d4f987a49fff08a5bbaf6aeaace93cd4792f901641b2c7,17,10.489158091420748,17.0
Month1,train,2024-03-26,Data/2024-03-26/cam1=14-49-42_segment_0.png,42c9bde392f7f2d95e2e3dfd13eb0c4fa6d3df8bac9eee651e20b9f0f9fcecbc,17,17.8137641179092,17.0
Month1,train,2024-03-26,Data/2024-03-26/cam1=14-57-02_segment_1.png,f31de438239b7a6510ee94f7be13ad729e3b8b090d72153211b1544607ee77f3,17,14.755010682855115,17.0
Month1,train,2024-03-26,Data/2024-03-26/cam1=14-57-02_segment_4.png,ec1fcbd2d11673e7da0de529da66e259196f594107213f2dd5b064a2a3813a05,17,11.027606156985492,17.0
Month1,train,2024-03-26,Data/2024-03-26/cam1=15-00-46_segment_1.png,649b47aa0cbe7bea2748b504c1911d0c39afbba7acbdb5ed73ab409fd51b66cf,17,15.036917364295991,17.0
Month1,train,2024-03-26,Data/2024-03-26/cam2=14-44-29_segment_1.png,d0a1f248cf09f5ba9972c7fd043151447ef7817e8ef8d0c32fadc406afd50936,17,13.609532051806084,17.0
Month1,train,2024-03-26,Data/2024-03-26/cam2=14-46-12_segment_2.png,a14b11421f85769aec296b8864c5939fa7c8057aea4e8ab94a1b2fe20dee59bd,17,12.903322488228273,17.0
Month1,train,2024-03-26,Data/2024-03-26/cam2=14-46-48_segment_1.png,c38f3aa8085c03b6991ec66e0e51472c99eb1eee4fd25f507e614f7e6dbd130a,17,13.110619168116518,17.0
Month1,train,2024-03-27,Data/2024-03-27/cam1=09-06-20_segment_1.png,231ea4653e4b4210f4a1713e9418030732dc9de557851ad70afbf11c6573cf2c,18,20.16469448953401,17.0
Month1,train,2024-03-27,Data/2024-03-27/cam1=09-06-20_segment_2.png,ab1da720ec92e115330477f3e04a182f81f10ee8d57d5ac98dd7e6ef25323dd9,18,16.39980583208697,17.0
Month1,train,2024-03-27,Data/2024-03-27/cam1=09-06-32_segment_2.png,55726e11507e346ab5d6312a41c47ce180c334020a362e4463a6abe57f0c6e04,18,16.344540753797197,17.0
Month1,train,2024-03-27,Data/2024-03-27/cam1=09-08-35_segment_3.png,0cb571df7ce590e63117297de203d0e2cf49350390ec8adbca33e7a519180374,18,14.162080688682448,17.0
Month1,train,2024-03-27,Data/2024-03-27/cam1=09-09-16_segment_0.png,22842093e16418cff170143fed6e5223b171c1b487353d85a3cee007a9abc0f9,18,19.943216614686584,17.0
Month1,train,2024-03-27,Data/2024-03-27/cam1=09-09-16_segment_1.png,03dc9abf63288efdff2fab0e69cc869f49cdb263e6d11ade477c0c3b97cee68d,18,20.469146006081644,17.0
Month1,train,2024-03-27,Data/2024-03-27/cam2=09-05-45_segment_3.png,647a74aad4096b45569fe4461739350adc8c077d8411dd163513af32a4c09548,18,15.857759906033198,17.0
Month1,train,2024-03-27,Data/2024-03-27/cam2=09-06-20_segment_0.png,820916b3ff25e0daab0648d3844bf758ce004d9f0e76c1f0d15624a3828c7268,18,18.25870457774456,17.0
Month1,train,2024-03-27,Data/2024-03-27/cam2=09-06-20_segment_3.png,2fa05845e58a08b9cf874fb0ba83a4ee50d342fdc1ea229edf3fb633a45b3af8,18,15.77695968044255,17.0
Month1,train,2024-03-27,Data/2024-03-27/cam2=09-06-49_segment_0.png,4641ea713904fa8410cbfeb692aa3c303cafcc59031000911353fb842d727e45,18,18.147504925475467,17.0
Month1,train,2024-03-27,Data/2024-03-27/cam2=09-06-49_segment_1.png,24050712c85553451526140a469ba0a0c743cf9c399db9385020f4f48e6e9456,18,17.864948471730752,17.0
Month1,train,2024-03-27,Data/2024-03-27/cam2=09-08-44_segment_3.png,94a9af45a86b199085a8285a3296dead7557bcf31dd629669cdfd61d289ee660,18,15.967720003228738,17.0
Month1,train,2024-03-29,Data/2024-03-29/cam1=14-43-17_segment_2.png,505dc0e6947004bbd9b0780617ef552c66a3bcb61d55c319d024e9e7c1720f22,20,15.946093347988121,17.0
Month1,train,2024-03-29,Data/2024-03-29/cam1=16-18-06_segment_2.png,2a77b3cc1f6089d4c88f848bdaba803acc70c226f2f913362d1b28a77a6e069c,20,16.033339820172472,17.0
Month1,train,2024-03-29,Data/2024-03-29/cam1=20-59-51_segment_0.png,c15a0c83fffe373ef45a307e1242717d82e0c23bfc38951211e2697db23379ff,20,20.25525186575431,17.0
Month1,train,2024-03-29,Data/2024-03-29/cam1=22-05-21_segment_2.png,6c8b904838f914f5671ac18c6f6d93c202ccfdc44e30109caa5aad8cafba580d,20,17.660918914532743,17.0
Month1,train,2024-03-29,Data/2024-03-29/cam2=15-09-48_segment_5.png,14aded46d0a36d87abad93c1c246cc1d776fedac36f4a4d537d2f4cfb684bac2,20,13.576825292700608,17.0
Month1,train,2024-03-29,Data/2024-03-29/cam2=15-24-48_segment_1.png,22f45ee6a65aed3a37550735884a3460d00ace4f3eadcc343d5249e7f3ab8a6b,20,18.052495026295773,17.0
Month1,train,2024-03-29,Data/2024-03-29/cam2=16-29-03_segment_3.png,e38d683b67d4e11f8324f569023e861b807a3f501d85e63c695ff60a4324ccb3,20,16.33346534620723,17.0
Month1,train,2024-03-29,Data/2024-03-29/cam2=17-10-27_segment_3.png,ef8bae50b92236d818da669bc71889e1650f7ef5707497a293d25a0b235a68ac,20,17.163246755297294,17.0
Month1,train,2024-03-29,Data/2024-03-29/cam2=20-25-08_segment_1.png,ab2458423775c41a6aabef2fe4403595ad663039851b18663b9301cef208182e,20,18.87467109567487,17.0
Month1,train,2024-03-29,Data/2024-03-29/cam2=23-10-44_segment_4.png,10c1c0e9a73e2e5881cb69641660bbc8acf13b1402310fb249b417ad83a789d8,20,18.01894488682149,17.0
Month1,train,2024-03-29,Data/2024-03-29/cam2=23-29-33_segment_5.png,e98c5b377ca87458b821c1b344dfe9a2b2a9e1276f3818730fa6d3d37eaf120e,20,16.938835270833927,17.0
Month1,train,2024-03-29,Data/2024-03-29/cam2=23-53-29_segment_3.png,476186e83bf50b1905fed25fbb7c18fa734c782198fd016a3d5373560a8bff76,20,16.86158747027031,17.0
Month1,train,2024-03-30,Data/2024-03-30/cam1=03-07-56_segment_1.png,a44f714804ecd147ad1574ce1f1cdc4ec84a3cd30d8a0e2282bfc23c6feecc44,21,20.325022287445577,17.0
Month1,train,2024-03-30,Data/2024-03-30/cam1=03-26-21_segment_3.png,ff9f471b571c6f9916c7fd735a49e6cc4d8bfbe93084af3f6f9883216065a875,21,17.899315947797895,17.0
Month1,train,2024-03-30,Data/2024-03-30/cam1=04-29-29_segment_2.png,81eb32f30879e38156b02bdc085d65698655ac401a14eac3fc752d118c4ec423,21,17.78632528303428,17.0
Month1,train,2024-03-30,Data/2024-03-30/cam1=07-56-48_segment_3.png,aa0979ecba7016e290ba837956411ac76c6e35f0828dd94fd7b4c6b26f442501,21,16.610897894054094,17.0
Month1,train,2024-03-30,Data/2024-03-30/cam2=00-18-13_segment_5.png,df134bd9dd2fa59227ceb0d85692887937f5507b861d764c349020b9b99d0973,21,16.99474484844627,17.0
Month1,train,2024-03-30,Data/2024-03-30/cam2=08-35-43_segment_1.png,d75c8f1d63271201eada95c425a1f0fcc247d488227fefcd88d801087ec69ee1,21,18.61729428267325,17.0
Month1,train,2024-03-30,Data/2024-03-30/cam2=09-12-25_segment_4.png,bb0a9a505b97aec5c0c39d7fd3bf00f2acab28343ce3134eb85c97352d5ec522,21,15.654549351139273,17.0
Month1,train,2024-03-30,Data/2024-03-30/cam2=09-14-33_segment_2.png,fbbdb9d3062ca789f24097506505dcef3ee67e2cff37bb0017c5def706ba0b6f,21,19.019698324490154,17.0
Month1,train,2024-03-30,Data/2024-03-30/cam2=09-56-59_segment_1.png,590356586c63bef071cb095b409a1e34830f1beea6a5aa6665b678331857f4b3,21,17.780922217525653,17.0
Month1,train,2024-03-30,Data/2024-03-30/cam2=10-28-25_segment_5.png,1f03bb73b2da9efbd6b4b22f365fcced6044a5c34ec7332dfd2d94c57c06202a,21,12.922291145250744,17.0
Month1,train,2024-03-30,Data/2024-03-30/cam2=12-41-34_segment_3.png,e01c06176944e39e41c98e3db81d9d55c6385a47a9687052fb540c130db28ca1,21,14.191011405782296,17.0
Month1,train,2024-03-30,Data/2024-03-30/cam2=13-40-00_segment_1.png,90f5a4b368b99ba643a8f606c676c99d3b342a8285744d91e39271c482354040,21,16.91901596013976,17.0
Month1,train,2024-03-31,Data/2024-03-31/cam1=09-51-22_segment_0.png,64fd86859f1a8da5c67439e5f4bc0c1734147e0ba703d9d2c5c5c468cb2f898a,22,20.572208573225673,17.0
Month1,train,2024-03-31,Data/2024-03-31/cam1=13-07-00_segment_0.png,baab5ba48bf7ed983fc6fc3ce85cd3eef518f1a8a9f56990ea2b63971ebe0c17,22,20.784422140116124,17.0
Month1,train,2024-03-31,Data/2024-03-31/cam1=20-15-32_segment_5.png,c43836499528753004db7a8361db272a2a30f84eede4738376da76a58dc09157,22,16.718775293627203,17.0
Month1,train,2024-03-31,Data/2024-03-31/cam1=20-46-09_segment_2.png,752c72374e511adc9eb301361f854fab42b2488a7153854cdc8c3cd99b854a24,22,22.093103205576632,17.0
Month1,train,2024-03-31,Data/2024-03-31/cam1=21-13-53_segment_4.png,83a94cb5074cb878f557880de60c64361cb9277e627a54298c75cb2509cc1c7b,22,16.872111860574265,17.0
Month1,train,2024-03-31,Data/2024-03-31/cam1=22-24-04_segment_5.png,3c1b184f9bb5beb07dc15f65e2a95f92543aa2c7c43a4473fe1f16775c7e7b9b,22,16.429739968792582,17.0
Month1,train,2024-03-31,Data/2024-03-31/cam2=16-19-51_segment_1.png,5d63e84f5c6fa4f1e3738c64c3699f4abe0b5d5476f7d15c9925150ebb900328,22,17.360513367235058,17.0
Month1,train,2024-03-31,Data/2024-03-31/cam2=16-33-24_segment_0.png,5df7b899bf177c3d665e608da207c5d05fd04c3ca31579ff97e010878250cc6a,22,17.759819871549954,17.0
Month1,train,2024-03-31,Data/2024-03-31/cam2=17-41-10_segment_2.png,2b37fe75964d3f6217728e84898850f6f58f6925301779169bb707d51047c650,22,18.933143564855794,17.0
Month1,train,2024-03-31,Data/2024-03-31/cam2=19-08-35_segment_4.png,1467c7295a9a2277d8079eb14ea1e78c26c981d024e13495d788e412f2b27835,22,16.657693781690924,17.0
Month1,train,2024-03-31,Data/2024-03-31/cam2=22-12-40_segment_2.png,40ca57ebbc0251bca83cdadd7824a0da38507500303e7d490593800edbde3767,22,18.283579612575963,17.0
Month1,train,2024-03-31,Data/2024-03-31/cam2=22-48-41_segment_4.png,87d8e7c6febd3b2930042f6e09f5485de3421b4974a305761cd9ae6b9d364a9c,22,17.085396296980406,17.0
Month1,train,2024-04-01,Data/2024-04-01/cam1=01-38-32_segment_5.png,3e34db2f0771dd0f6a00dee92cee483ef6bfd964e241e93802fd0127cdf9cdd8,23,16.315248896371468,17.0
Month1,train,2024-04-01,Data/2024-04-01/cam1=03-59-47_segment_0.png,fe17229c2879a4f3c9e554553197f31f43f961907f840fa749caae92a26c8269,23,18.76350015149449,17.0
Month1,train,2024-04-01,Data/2024-04-01/cam1=09-48-28_segment_2.png,e3f45e2895ad114b2e73e971ef45af43e0e937b9060b55321ce38660aa217220,23,22.242002249553288,17.0
Month1,train,2024-04-01,Data/2024-04-01/cam1=10-08-07_segment_2.png,82738bba350d01eaaeba72e6ed33f4d8f4e99c4d3500317af4ee08eeecf57c31,23,21.550699713403723,17.0
Month1,train,2024-04-01,Data/2024-04-01/cam1=10-48-37_segment_3.png,5b379110612060d13b71e324e57e6d83d9ac1ac525c47e88c2d87a928e305f45,23,16.84420680649865,17.0
Month1,train,2024-04-01,Data/2024-04-01/cam1=11-32-53_segment_1.png,79963bc1944b2bcdd69c78eb7e2763589501ac4a9aa76d77aa2261ed50d7d2bf,23,19.36441682533104,17.0
Month1,train,2024-04-01,Data/2024-04-01/cam2=02-05-01_segment_3.png,92c3d909e8e2b5ec391861ef1824f0e29fb1d96b777a86467c6ce0b38427a520,23,19.904721085575332,17.0
Month1,train,2024-04-01,Data/2024-04-01/cam2=02-48-09_segment_4.png,015e9e530249e21661920e09d6f81f0bcbf02ea741c7e31063821c091ad032b7,23,17.222451013185747,17.0
Month1,train,2024-04-01,Data/2024-04-01/cam2=04-38-41_segment_2.png,f7427770ef474091eba66447d02b98828b5d2327a2f5c20ae12385d6877999a9,23,18.374047736444496,17.0
Month1,train,2024-04-01,Data/2024-04-01/cam2=08-10-53_segment_0.png,19eeb1808970d92e319f9d54ced79cda165986c5c626924e28cd5d60be814e43,23,22.702645388373917,17.0
Month1,train,2024-04-01,Data/2024-04-01/cam2=08-30-21_segment_0.png,49172669164d4e8d11fd3eaaf46f6462831fc9f5827b6432daae9e7bef71be8e,23,19.691652773355813,17.0
Month1,train,2024-04-01,Data/2024-04-01/cam2=09-54-29_segment_3.png,2f2ac09b76c7a0dd6f4c3ee1698840ee4eb93d52174d8434733366d46329f7bf,23,18.494759457879994,17.0
Month1,train,2024-04-02,Data/2024-04-02/cam1=06-42-20_segment_1.png,c41183def31cbd78bd457fadf3b1b93d0d5349dc7a7eadf7d711f0a4b527ca6d,24,17.887538143343377,17.0
Month1,train,2024-04-02,Data/2024-04-02/cam1=08-47-46_segment_4.png,dca2d9d2c070fff63ecdfd7b0cb12c70cd169774720b4530b884d41b7dce6980,24,18.47733171806016,17.0
Month1,train,2024-04-02,Data/2024-04-02/cam1=09-26-39_segment_0.png,e46e74e2e96eb13a7432835184d0dceaf6aa70ea8ca14167bedc57ba25b86ac3,24,21.14426067409745,17.0
Month1,train,2024-04-02,Data/2024-04-02/cam1=11-50-36_segment_2.png,cfe4b02572b8b6925a1e74ad80a155a408e01a26472be8f07a0f9539cfc0e533,24,22.55046363107536,17.0
Month1,train,2024-04-02,Data/2024-04-02/cam1=15-58-37_segment_3.png,81d8a171660d9e25b3c271ae8935fd160e3094273c47ca3cd37dfadb337e8ea5,24,17.473977486384424,17.0
Month1,train,2024-04-02,Data/2024-04-02/cam2=06-31-51_segment_3.png,2cd09e4d7f18ecec579005867f79fa3aa6a5a08768f371ceafad80c93c0c33dc,24,17.634842790521667,17.0
Month1,train,2024-04-02,Data/2024-04-02/cam2=07-03-53_segment_1.png,5bedfd2ce92918979d8caab1830153723900dfd697e8c77df05168124a10845b,24,19.02362834792585,17.0
Month1,train,2024-04-02,Data/2024-04-02/cam2=08-17-08_segment_5.png,c76625d2da756b642a8f89b9d4fd88a03375f9feb5778d3a72d49ff55ee7617d,24,21.70926056317556,17.0
Month1,train,2024-04-02,Data/2024-04-02/cam2=09-06-18_segment_3.png,fc130eb92c6f988b1a0d07dd24a44d80ab87605e375a4f27893edf8651cfff3e,24,19.514237369939803,17.0
Month1,train,2024-04-02,Data/2024-04-02/cam2=09-45-05_segment_4.png,1d41f6b319b2baf6cc86af9b12dd6f2a0f2999540b81d090df3ead3a82924583,24,18.795060221481577,17.0
Month1,train,2024-04-02,Data/2024-04-02/cam2=10-10-02_segment_0.png,5e20844912c3f3b8b804b9126398729f8adf11c4e86e4f45a38723b4f01e777d,24,17.497860629086883,17.0
Month1,train,2024-04-02,Data/2024-04-02/cam2=16-12-11_segment_2.png,9c9be4aa627879730da7a426fc3ca2b5abe254e9c454e08c2130a929b876392e,24,13.02664154398054,17.0
Month1,train,2024-04-03,Data/2024-04-03/cam1=14-44-54_segment_3.png,bd26ac82709bc3f2f7abdc74721c7ec3a38682794e1773384e01a35644ace46b,25,15.206657161038512,17.0
Month1,train,2024-04-03,Data/2024-04-03/cam1=16-06-27_segment_3.png,3d7138841cda4516b85c77537044c54198cfdcf2929bc6a2c38377a6d418664b,25,14.726081226384284,17.0
Month1,train,2024-04-03,Data/2024-04-03/cam1=16-28-42_segment_1.png,d1c5d79d98342494e106e11bc77d2250e04db61e352ced5946d7bf4b22f9033a,25,19.220533625148548,17.0
Month1,train,2024-04-03,Data/2024-04-03/cam1=18-29-12_segment_1.png,29a5eeb01ccca84c120449c8deb5ba430fc9437cb3956fc28791f11a29026ab1,25,20.968563820407624,17.0
Month1,train,2024-04-03,Data/2024-04-03/cam1=19-11-00_segment_0.png,9ad2e9f35732744a3638376e3def762eaddf86f6e632c3c79f7cf3eb96035112,25,19.505794001146867,17.0
Month1,train,2024-04-03,Data/2024-04-03/cam2=15-44-49_segment_2.png,260f618fe0ab42b06a89e6de1028eb88f3e185d15f8093864f8daef47644d311,25,12.91164560155191,17.0
Month1,train,2024-04-03,Data/2024-04-03/cam2=15-52-02_segment_4.png,cae174938c44a2254e9c96afb759c846f07ddafaabb59eee8843b7be366b369f,25,14.90695731592486,17.0
Month1,train,2024-04-03,Data/2024-04-03/cam2=18-21-41_segment_3.png,17257e41da37ae3b7183a1b1803e1d3da0073941f3ee899541ab72ef2cdbda1d,25,17.438908287765507,17.0
Month1,train,2024-04-03,Data/2024-04-03/cam2=18-44-21_segment_1.png,738429b7cecc6a211828520e20ba942ea9f68f05ce2cd528db25fac6e5394ae2,25,19.026312978410928,17.0
Month1,train,2024-04-03,Data/2024-04-03/cam2=18-57-32_segment_4.png,6588baa796579525328f90974e4b0cc5fab64806d85dcca961324df4e79da050,25,18.552045177327656,17.0
Month1,train,2024-04-03,Data/2024-04-03/cam2=19-03-02_segment_6.png,10063498fa15e0b06b61c6e5ba14c7055da9a7629ba5d1b62015a6afa5a6f57e,25,18.101686260552327,17.0
Month1,train,2024-04-03,Data/2024-04-03/cam2=19-19-11_segment_1.png,8c2a63f020dacc35c285bd2be595049176603eca4504362c93e3d7c3a5458cb1,25,18.24930006714812,17.0
Month1,train,2024-04-04,Data/2024-04-04/cam1=15-40-27_segment_0.png,6dccd8b2e4db32d5c251d5deacafc8a3d30e6e775cf89c2cffdf5caee7bfda0d,26,14.788488689173546,17.0
Month1,train,2024-04-04,Data/2024-04-04/cam1=16-48-11_segment_6.png,1310ad5ee903a8c05d7b2397d9f57a7697732cffd030f801ebafbe34357769a1,26,15.77669490272336,17.0
Month1,train,2024-04-04,Data/2024-04-04/cam1=17-05-39_segment_0.png,f85cde942f84b75fca85fc330fd66db2e02247e2811611dccdbbd8f64e85b26a,26,19.796020392663294,17.0
Month1,train,2024-04-04,Data/2024-04-04/cam1=17-42-33_segment_4.png,ca93e3b94a591bb0918da35fc760dcbd9aed212884430927253426904588d1d4,26,15.313193193732777,17.0
Month1,train,2024-04-04,Data/2024-04-04/cam1=17-56-14_segment_1.png,befdb05cf04b55c2f3db1826dc7e5fe5099f9750618f3f588d237be5dbddbf06,26,24.50541339705265,17.0
Month1,train,2024-04-04,Data/2024-04-04/cam1=19-26-19_segment_0.png,72791ab1535141cddd6863a8917706446fd3dabeb442311fdec3994248051f33,26,20.471145842138533,17.0
Month1,train,2024-04-04,Data/2024-04-04/cam2=16-09-07_segment_4.png,db92ccdba9cd2ebf589818e571da4b54f4d011e4e3b6c7f52b8bb7f925adee45,26,19.446505500423058,17.0
Month1,train,2024-04-04,Data/2024-04-04/cam2=17-14-07_segment_2.png,d449844e0c4e1b3507f2e1639b3f6b8351701378b97c5b95f63f2340ce7eaeb2,26,19.951738359426262,17.0
Month1,train,2024-04-04,Data/2024-04-04/cam2=17-46-31_segment_1.png,f3f961b5649f902c97d854030166197760ace89af814b26b3b9469e71d89dba3,26,22.441950167361938,17.0
Month1,train,2024-04-04,Data/2024-04-04/cam2=18-03-50_segment_2.png,72de3efd23ba525b168f3ae2d59d141320ef00747d35cfc696e4130c786a0e7b,26,21.59716687295232,17.0
Month1,train,2024-04-04,Data/2024-04-04/cam2=19-23-43_segment_0.png,005dec0a05df5ff2b8eea984d15013e16f92ba9840201212fde3499c9cce8419,26,22.19615783952132,17.0
Month1,train,2024-04-04,Data/2024-04-04/cam2=19-31-39_segment_1.png,88762314f3085573a3420db82c649ffc86e87c91b302f5bf8881a9a5c95e2e26,26,16.85340632632445,17.0
Month2,validation,2024-04-16,2024-04-16/cam1=15-56-38_segment_3.png,9428ad5878d8d1a9912f9b6fa6ad5a29addcb3663a85e67733f933058fcfaec6,0,7.48113030166234,17.0
Month2,validation,2024-04-16,2024-04-16/cam1=15-58-08_segment_0.png,8377cb5056fde607cd716a50ddcac83c4270be23d352db6b008376a3103d9c64,0,8.508247746927548,17.0
Month2,validation,2024-04-16,2024-04-16/cam1=16-01-06_segment_3.png,3af9a1611a8de2c646e5c714dffaa8e3c5e220fe479d93574a19e4742d0f8cbc,0,11.097572411454152,17.0
Month2,validation,2024-04-16,2024-04-16/cam1=16-42-41_segment_1.png,1d0076e821c34a985277716e8e1845b81d3b2c1fcaa76632721fcfd094770639,0,13.6518251027279,17.0
Month2,validation,2024-04-16,2024-04-16/cam1=16-43-17_segment_1.png,bb02d0d1fc49ad3dadccda5c7ef56a3257447eed584db61cf5c647bee8559c7e,0,13.62793251903704,17.0
Month2,validation,2024-04-16,2024-04-16/cam1=17-03-04_segment_2.png,69915babbce6e46fabe6ffc59d88e574ea60e2c4cc7bd1cdbbe8db2e5a12ce04,0,12.439247679071945,17.0
Month2,validation,2024-04-16,2024-04-16/cam2=16-08-21_segment_2.png,658108a248bd53a2c35d739f432eee7f82d4b0430500160a95fdff322e6b9d1d,0,8.285475909937094,17.0
Month2,validation,2024-04-16,2024-04-16/cam2=16-26-08_segment_1.png,4d4e5093e5fa23d5c0cb81567256f7b10acbe33325a2fde0097309cd24bb68e3,0,11.042754085773757,17.0
Month2,validation,2024-04-16,2024-04-16/cam2=16-59-22_segment_0.png,c0b3e9f4269eaac3b6aee03a6f0dd76a380aa4fa66bf8d4cd089e4ae6e6c2214,0,13.189024535043004,17.0
Month2,validation,2024-04-16,2024-04-16/cam2=17-03-24_segment_1.png,6fc6c1f6c50cbcbdab6e144aea4a437460ca7adc2e856cb822e115e864bac661,0,14.842264468776893,17.0
Month2,validation,2024-04-16,2024-04-16/cam2=17-13-25_segment_1.png,bc9f297f0afa84b46ce09dc6d95c40adfc4168e8a6aab5213e2905e0a76aec83,0,14.968591748955102,17.0
Month2,validation,2024-04-16,2024-04-16/cam2=17-20-59_segment_0.png,c021c75ad19b366b36758b5ec68da61382c998b9b197bf6fd641742c66441db8,0,15.032272455750407,17.0
Month2,validation,2024-04-17,2024-04-17/cam1=19-05-35_segment_1.png,9cec73abb38d8743bbbb3fcd4a326a1524a55346f30573b684862329ed7a7928,1,12.250677924473475,17.0
Month2,validation,2024-04-17,2024-04-17/cam1=19-23-50_segment_1.png,9067a5294013b4300346b0721ef51dade167c6ede2e6df952666a7a48e077ae0,1,9.422499291222266,17.0
Month2,validation,2024-04-17,2024-04-17/cam1=19-29-09_segment_4.png,dcc6e0a683b5ab0bd7ebf4dc0f49d3dd2259fb537e1712b49e37aa0560bbc081,1,11.624056319725678,17.0
Month2,validation,2024-04-17,2024-04-17/cam1=19-45-29_segment_1.png,8ba5b02d2dd467d996bf7252cb91e22bdf27dc32a64078e2ff0ede59f2bc94ff,1,13.619124569518739,17.0
Month2,validation,2024-04-17,2024-04-17/cam2=18-50-08_segment_1.png,599c155d760247a0b74f719108c2df4b4c091a7ae90a8c1550aa0e563adc063f,1,10.502830013122875,17.0
Month2,validation,2024-04-17,2024-04-17/cam2=19-14-13_segment_2.png,2b5dfed015945affd27fb9e2f5a415380e1fe44415a40c409f2f0e546ff8603a,1,13.8145873022505,17.0
Month2,validation,2024-04-17,2024-04-17/cam2=19-57-53_segment_1.png,e2454357a798a22e9733fd4d25324ce5e86d5f0601fe4ef5aaa22a7f5cf483bf,1,11.309899465956798,17.0
Month2,validation,2024-04-17,2024-04-17/cam2=20-08-36_segment_0.png,39059feebc6b92231912ab4ff28bc2b0b49fcf5bfaca1eac9fcc71b5266bed60,1,15.281128517257542,17.0
Month2,validation,2024-04-17,2024-04-17/cam2=20-38-47_segment_0.png,0d3ef1ee4ce4b40fe299772338bf2043824a67b4d174c2b4eb467c92c445bd94,1,12.918796711123917,17.0
Month2,validation,2024-04-17,2024-04-17/cam2=21-25-44_segment_3.png,ad10b62ae32283f24098beabc9ab90a06b5b5cc8dbce70c704559ae1cf13c43b,1,10.969069842043236,17.0
Month2,validation,2024-04-17,2024-04-17/cam2=21-31-38_segment_1.png,29ff67be8498e843004e4d0c2a0c619d013f73e4090bd279e9d6fe3c7f5bbbeb,1,12.511381607159656,17.0
Month2,validation,2024-04-17,2024-04-17/cam2=22-06-03_segment_3.png,36050d8f9deb85c2f0520e0ad85f2b642a04c562be16dd4a702795daad3c22cc,1,12.410930549501797,17.0
Month2,validation,2024-04-18,2024-04-18/cam1=14-19-41_segment_3.png,164d935c0cb325bbf63fdaa7c9924b2dcbaf8444edffceb8e904b8f1ef1d45a6,2,10.564860541042963,17.0
Month2,validation,2024-04-18,2024-04-18/cam1=15-18-05_segment_3.png,ec3a801c1aa82a9d27f98a4e58481a3e7d9e5d77c56d6c93a0827a792f074a18,2,8.904474175237779,17.0
Month2,validation,2024-04-18,2024-04-18/cam1=15-58-58_segment_2.png,ffc402904f48b4764d51d1410bfc3e2efa71d6ea5a0347f9b0a55a9626c38025,2,9.245674466243871,17.0
Month2,validation,2024-04-18,2024-04-18/cam1=16-06-42_segment_1.png,82a55a29a4558bea960d7ab3814635fc705b54c625dac6dfb868fb16d2391b59,2,8.9545369662379,17.0
Month2,validation,2024-04-18,2024-04-18/cam2=14-05-21_segment_1.png,ef1738999943e9861385f27d904d1e446158444844f53ba473423736a9abd7fe,2,11.458699242787809,17.0
Month2,validation,2024-04-18,2024-04-18/cam2=14-31-16_segment_1.png,6c8a39e5a0601d09bb46e130882405724f293317ecb467e558172c37e8838767,2,10.927719026651431,17.0
Month2,validation,2024-04-18,2024-04-18/cam2=14-53-47_segment_2.png,01a517df0af3feddd5e3f4774cda7cb87f3cf116f6fa291ae28c332e9178ad0e,2,11.409266000330792,17.0
Month2,validation,2024-04-18,2024-04-18/cam2=15-12-09_segment_2.png,d712d793036aecb07cf48fcc71be9d84fa93a5fb703ff593485469001203c45b,2,11.000888107127738,17.0
Month2,validation,2024-04-18,2024-04-18/cam2=15-41-50_segment_2.png,0faa0c71e5edbd7de01a6e7a7c9ec453f6e684938c47687b60a83e79564869ed,2,7.189191090255062,17.0
Month2,validation,2024-04-18,2024-04-18/cam2=16-21-59_segment_2.png,a5624ec5739b59729201f9378f5b0e9003ce6ba8e124414f9551943098cef6d0,2,10.468273899539163,17.0
Month2,validation,2024-04-18,2024-04-18/cam2=16-43-23_segment_3.png,2ed700fcdaa81e0229740fd0f447104aa310e776b25c5808d575ef172987a0f7,2,9.108605915412971,17.0
Month2,validation,2024-04-18,2024-04-18/cam2=16-52-01_segment_0.png,5691a0a3fa88ad88a52fc13a0120a6b13ebaf05e53dd9673d6d6d175209b73c4,2,10.450999118645262,17.0
Month2,validation,2024-04-20,2024-04-20/cam1=17-14-21_segment_2.png,4e95df6f260e62643126a64af0b3dc5d7f9c05608fac22851f2085a57c66319a,4,9.911158902259604,17.0
Month2,validation,2024-04-20,2024-04-20/cam1=17-24-43_segment_2.png,6ea7b507147f13e3a982ad67fa439d295ece5c746adb99f377619d03378dc3f4,4,10.762486488093884,17.0
Month2,validation,2024-04-20,2024-04-20/cam1=17-46-27_segment_3.png,ee90c26564735885b802793955630a2111d918bb6f4c61f170f774bf0039d930,4,12.235280688314983,17.0
Month2,validation,2024-04-20,2024-04-20/cam1=18-04-57_segment_1.png,15ec5171dba6b014b40f2600b0a000de5378caaf47271cf63406195c59ce13b8,4,11.298573722006562,17.0
Month2,validation,2024-04-20,2024-04-20/cam1=18-21-13_segment_3.png,e56015721d43146f2b4bcb63566e21fe79f085aeb485e1758962f867366b3855,4,12.043246446588123,17.0
Month2,validation,2024-04-20,2024-04-20/cam2=16-43-10_segment_5.png,e0d00019c9b8912795debb5da329bf72d301593ff95a53bb78226d1c93f11dc3,4,7.952638354919412,17.0
Month2,validation,2024-04-20,2024-04-20/cam2=16-59-34_segment_4.png,a596ace58ea2c4c99e9c5fceeff152e7ed96269a99119d20c32852c059468e7d,4,10.106948386716061,17.0
Month2,validation,2024-04-20,2024-04-20/cam2=17-00-37_segment_5.png,dd377d7432d6f980ef21e980f476e567af1591a428f5fb54d365141c2974b2f9,4,7.776667960804663,17.0
Month2,validation,2024-04-20,2024-04-20/cam2=17-17-16_segment_4.png,1659b5a8b4dc22d1b1ec9fb0a7c5536f41cefa64a6ca86cf646caee5b50f4ec0,4,10.28499814895228,17.0
Month2,validation,2024-04-20,2024-04-20/cam2=17-26-22_segment_2.png,060c17293afa8da0c708d1c36760bf70c9b29f67822ed6fe0df46d701b785a75,4,11.614715508340732,17.0
Month2,validation,2024-04-20,2024-04-20/cam2=17-45-39_segment_0.png,4ec170c3c4db4957e748a08a7687e6600ffd740b845ce9c0792143b588abb70d,4,12.493584213736229,17.0
Month2,validation,2024-04-20,2024-04-20/cam2=19-25-51_segment_2.png,1ae7cf6bbe6ac207a64647f013a8505f59077338962b12510b8fd720f14ad3e3,4,14.110047747286888,17.0
Month2,validation,2024-04-21,2024-04-21/cam1=14-17-31_segment_1.png,b86a85a13e4ed765317b02b8602cf3845ac7c11670e1eee2d68a2aeb73190766,5,11.440401827375311,17.0
Month2,validation,2024-04-21,2024-04-21/cam1=14-35-57_segment_0.png,aed2aac2dc01526f9100bee675721f20be561ec218699a88d95e90eb63618737,5,10.689607042133751,17.0
Month2,validation,2024-04-21,2024-04-21/cam1=14-38-28_segment_0.png,f21f53ff1086a7c559f1027e5a12bedf3f51906719b4207f37124ab694bd2902,5,10.927198975179824,17.0
Month2,validation,2024-04-21,2024-04-21/cam1=14-45-53_segment_0.png,bd353a4fd67fb348fc5101637a04d26215b637729176be2982629d45bf7b9878,5,11.203441403194656,17.0
Month2,validation,2024-04-21,2024-04-21/cam1=15-09-34_segment_1.png,f7a271653639bdf31f87386eb3c1439ccf532cbb4c34e6f6667f9d416b6f5c11,5,11.931229196335071,17.0
Month2,validation,2024-04-21,2024-04-21/cam1=15-12-46_segment_0.png,5229d684ff488c09ff5620a4e41edd9604b8b8f4358d431790d8f5e9dba1e1f9,5,10.663836491729025,17.0
Month2,validation,2024-04-21,2024-04-21/cam1=15-13-10_segment_1.png,62b3d79234d541bc6d2775b68fa4de88ebf9eba25f82b91667d23883701a4c52,5,11.273162991164332,17.0
Month2,validation,2024-04-21,2024-04-21/cam1=15-39-40_segment_1.png,26c3d14ace91b7509af1329a181dd029fc8c9ab5b81db6303fa1b2ef10dc86aa,5,11.224408596697483,17.0
Month2,validation,2024-04-21,2024-04-21/cam1=15-45-07_segment_1.png,25274e6bb2d0dd29c06bae76eac5bec663f8b5943198d141da9abddbd14e7eda,5,11.48697541245122,17.0
Month2,validation,2024-04-21,2024-04-21/cam2=15-09-18_segment_1.png,56f3f98cb6ea42c941b9fe54a77ced68f0a346a34e0e553f41eddefe00590092,5,12.165733289472524,17.0
Month2,validation,2024-04-21,2024-04-21/cam2=15-11-58_segment_0.png,b35f4d1d121b8e6905b691625286f2dfda3f0e98c69d44db4c1d6222a725301f,5,10.577795888547449,17.0
Month2,validation,2024-04-21,2024-04-21/cam2=15-29-32_segment_0.png,47f48228042509e9371096d0a4f74c71fb2d7db1cdfc11481d185edfc747d82b,5,12.693734141906965,17.0
Month2,validation,2024-04-22,2024-04-22/cam1=16-24-53_segment_2.png,af273eb45608e479c5cfa5632273cd35bbd0321e101461d167e471b509317d96,6,10.858256443698636,17.0
Month2,validation,2024-04-22,2024-04-22/cam1=16-32-13_segment_0.png,0781031c1244e7060ac2a1466a2c685607db7c113b760029374441c50b9081a1,6,8.877442236847706,17.0
Month2,validation,2024-04-22,2024-04-22/cam1=16-38-40_segment_2.png,1501ec6657127e3574fd4293e07305a208a6a48f1ba176c416cac6cea3bec2ff,6,10.21466839529867,17.0
Month2,validation,2024-04-22,2024-04-22/cam1=16-40-40_segment_0.png,d8dd83173cf4d327a71d9f35daa293e085368c967cc3c86c9ce7831df1aa3c3b,6,13.001725376806434,17.0
Month2,validation,2024-04-22,2024-04-22/cam1=16-43-32_segment_4.png,cb478a2e61dccc2b4438d89e1b525682c896f7b8f9d195d97c23e44b5893e2a5,6,9.923285401889295,17.0
Month2,validation,2024-04-22,2024-04-22/cam1=16-56-33_segment_4.png,291a79b0bc1c3371d139bb904075425b64210cd0d9ba21ce76c4ebce6d309e7f,6,10.942210777398717,17.0
Month2,validation,2024-04-22,2024-04-22/cam1=17-37-45_segment_0.png,a01f3e2522801a2d0967eedee40f17d66a896c28811dda46e513709257f08ece,6,15.814179523800393,17.0
Month2,validation,2024-04-22,2024-04-22/cam1=17-46-06_segment_0.png,b21d50c21682b1e56df75850ca29b58c432653dfc2f6eb64cbad0dd6700d6288,6,15.458952580157785,17.0
Month2,validation,2024-04-22,2024-04-22/cam1=18-03-05_segment_1.png,0c6449e3bbd25a618ab049271fefb9bc033746a07794d96b07db8cdbcee6628a,6,14.897925789217302,17.0
Month2,validation,2024-04-22,2024-04-22/cam1=18-22-33_segment_0.png,59cd3c9dc33ae0bf0201097026c215158457a50e6b35261a4875cc08f425d0aa,6,15.99521286754125,17.0
Month2,validation,2024-04-22,2024-04-22/cam2=16-26-45_segment_4.png,32cd5b9b5263abe50990102dd718ae980869fd7a724ecef41eec73e49db528f6,6,11.57392355789814,17.0
Month2,validation,2024-04-22,2024-04-22/cam2=16-30-45_segment_2.png,3eab46f4ec53fbe7ea02e833a3ba73cc4dd1319d6bffcb1a09c8faa89db83ce5,6,10.962089612429555,17.0
Month2,validation,2024-04-23,2024-04-23/cam1=16-51-10_segment_3.png,7a08dbbadad47bb7e3ed6d59ca3d5fec24c073704261cf9f1dbf530241abff42,7,10.340354753758197,17.0
Month2,validation,2024-04-23,2024-04-23/cam1=17-18-45_segment_2.png,875abd57a1859cc7e49b291095e16ae564fd223d93e0c79946a8a3eb3954914b,7,9.614671131887008,17.0
Month2,validation,2024-04-23,2024-04-23/cam1=17-33-55_segment_0.png,49cb6b4872e1886d540a6e23b51334707957522eb89e1db0728d0532d94f0822,7,16.477652487758256,17.0
Month2,validation,2024-04-23,2024-04-23/cam1=17-51-45_segment_1.png,27d26a0d73c2ffb27d1d11e7139176e5990f58c0c7a671903249122d1d0a4fb3,7,15.798416416560793,17.0
Month2,validation,2024-04-23,2024-04-23/cam1=18-21-59_segment_1.png,e7b0ba62b8ef7ad4ebd6598251d5d0870248f1642d269d5a6eeacad6df3ead3e,7,17.362306144727732,17.0
Month2,validation,2024-04-23,2024-04-23/cam2=15-30-52_segment_0.png,c4a5ac02ff9fac8e30363fde1ecfe3a7f70ed9c8927c50bbf26a7812b775b80f,7,13.023688372086712,17.0
Month2,validation,2024-04-23,2024-04-23/cam2=15-37-51_segment_0.png,6cfa0bc5783916acc2450b91986ba3c7dbc05baafea8960ad3f2d1d04675b8fb,7,12.749780658777718,17.0
Month2,validation,2024-04-23,2024-04-23/cam2=16-33-51_segment_0.png,9e165f243120c807efa84808750ece37bf020b6cb53cfb02db511dc025f41a0f,7,11.69421928035052,17.0
Month2,validation,2024-04-23,2024-04-23/cam2=17-15-19_segment_0.png,e04f99ce7242b8d9213872354f1bcc987b4d456fd90451a99aaa1f3047b7c3ce,7,14.113790516709381,17.0
Month2,validation,2024-04-23,2024-04-23/cam2=17-24-41_segment_0.png,b0a9f7211ddaf2a4aec9bfd7aa2ead6ea69fedf6bab5f96843f5aab4c7c208e5,7,16.415935803696183,17.0
Month2,validation,2024-04-23,2024-04-23/cam2=17-46-18_segment_1.png,5944022491efa39be549147cae4a1c908fa756a4995ec960f5ab55d4963160c6,7,16.14731736646085,17.0
Month2,validation,2024-04-23,2024-04-23/cam2=18-17-21_segment_1.png,906ed07ab12ec6ad60eb3f7e2ed73bbc4162b9134ec231f1736fb7fdddf6f75c,7,17.300705835352005,17.0
Month2,validation,2024-04-27,2024-04-27/cam1=14-21-57_segment_2.png,f0637ca243c39ced3bec5d499eeff733de7dce25195bf70690289955dd2ab49a,11,13.861513296729344,17.0
Month2,validation,2024-04-27,2024-04-27/cam1=14-23-13_segment_5.png,01ee97ab9281869fc05dd16db8b5b958c0c18518d303c0e5e89b3e7266c13d82,11,12.841157782250185,17.0
Month2,validation,2024-04-27,2024-04-27/cam1=14-40-26_segment_1.png,f2124c9a44f410f37d94793e273c7a0c0050228026252fe374c6bde0c052d004,11,14.762665297034662,17.0
Month2,validation,2024-04-27,2024-04-27/cam1=15-12-24_segment_3.png,c44e9e4b855b8764ea0c1bb4179caff54ef327da09b570841a3c94c6f6236b5a,11,14.633524473613187,17.0
Month2,validation,2024-04-27,2024-04-27/cam1=15-57-12_segment_0.png,25331f99e1a91afb531175e544143684bc36f9a6a34de0a3ae24f02aa2d4cacc,11,16.49101118525746,17.0
Month2,validation,2024-04-27,2024-04-27/cam1=16-32-46_segment_3.png,87343fb1fb351529fcb4d68dfa3457311712fcab719f074f758d630496efa407,11,17.31871873321464,17.0
Month2,validation,2024-04-27,2024-04-27/cam2=13-42-55_segment_1.png,a5142ccc048496480e18c541cc6976d9c96686bc48cc53bdfde0654502e2faf4,11,13.754818247046918,17.0
Month2,validation,2024-04-27,2024-04-27/cam2=16-26-31_segment_1.png,37825d16c31c5451775ebabcae4781fc028883c22dcc72e0835281073a77a8a6,11,17.051817599218975,17.0
Month2,validation,2024-04-27,2024-04-27/cam2=16-28-16_segment_4.png,f511988b1a6f5a2f20322ba2807d8550bcc3c2c2bef86297368e377a0e2a0668,11,16.1124031467643,17.0
Month2,validation,2024-04-27,2024-04-27/cam2=16-34-14_segment_3.png,25c9ecbba0e516f44b4187d0a641991153e4656e3c576aa93b969b0b1caf34c0,11,12.370419314836699,17.0
Month2,validation,2024-04-27,2024-04-27/cam2=16-52-09_segment_6.png,ffd4be5c5be16d519d19efdb52ea3c86ec4be7307ad9c6c69d7c3525ce2c6f56,11,11.689189781916648,17.0
Month2,validation,2024-04-27,2024-04-27/cam2=17-40-38_segment_2.png,2ca9e11654080a127c99a8990535a7ed5f0892182bcadced71947003996ead20,11,16.385143606496186,17.0
Month2,validation,2024-04-28,2024-04-28/cam1=16-20-41_segment_1.png,6a49286878bc698deedebad543c89ab3e554737bd94ad5f189460635b8e9c22a,12,16.516836451259543,17.0
Month2,validation,2024-04-28,2024-04-28/cam1=16-28-36_segment_4.png,a1f2bbb0e688201bfe9e145122a2f61b3e907c3111dc9f22aff62a8e5d7a7f15,12,13.819638381712355,17.0
Month2,validation,2024-04-28,2024-04-28/cam1=17-41-49_segment_5.png,18ec869c68d8cd20aed5b886a3fbc60bf2e3cfffc7d7c8b663ea19898a73b402,12,14.641547657292847,17.0
Month2,validation,2024-04-28,2024-04-28/cam1=17-47-31_segment_3.png,e50223f2d9eb199ab41c6028b79293f1a12e5fed19db7a17ae381489d18c9f2b,12,15.552286332703083,17.0
Month2,validation,2024-04-28,2024-04-28/cam2=16-15-58_segment_0.png,a67f293a1516c12dbfee95868e0d81504adae057631f35244bfe4446b24cdecd,12,16.62295757154047,17.0
Month2,validation,2024-04-28,2024-04-28/cam2=16-44-37_segment_6.png,cc51a55d1ae4e8da09bfd5669e1f4088866f54ee17575328bcddc73864c6e7c7,12,13.454132351799661,17.0
Month2,validation,2024-04-28,2024-04-28/cam2=16-56-02_segment_5.png,33f9a57d0b8dcc4c82a59ffffc9cf7a03b40c3ff8cdfb4edae11427377f1fe5b,12,17.10376568904385,17.0
Month2,validation,2024-04-28,2024-04-28/cam2=17-46-08_segment_0.png,0714619afaabf350a79a9f0405e6a2ffb31ff38c1a5230d7a8b11aa6e378fa3a,12,17.981817321292844,17.0
Month2,validation,2024-04-28,2024-04-28/cam2=17-49-12_segment_1.png,4ed9b747f7f2062ed122b098b62c888e59c7f1ae552df86dde5e9ab201c8d44b,12,18.38501019102702,17.0
Month2,validation,2024-04-28,2024-04-28/cam2=18-17-50_segment_4.png,e53b936af9382714435f98c49d3667dfc560053ce340538b8126f6833ce9f6ca,12,17.66781791927239,17.0
Month2,validation,2024-04-28,2024-04-28/cam2=19-16-09_segment_1.png,bdfa94c87bb4925eb4e1207f1a9416a2a5cf7aa7e7335ce2494bb20a7985db6c,12,18.900504610865195,17.0
Month2,validation,2024-04-28,2024-04-28/cam2=19-40-20_segment_4.png,191853476fa862b285d9a478347e110d2a6bd8a25159beddf11eddeca559c0a7,12,13.031264648115314,17.0
Month2,validation,2024-04-29,2024-04-29/cam1=15-18-46_segment_3.png,54833d30c2c7922a139daf3598c2f6b3686df8716ebbe74b555073a9e7b15b75,13,13.47119264379932,17.0
Month2,validation,2024-04-29,2024-04-29/cam1=15-57-14_segment_4.png,a044586999a4ac807b4dbe43954f00ecef9c5ea348aeb41ec476a7ff11289abd,13,15.205290525953238,17.0
Month2,validation,2024-04-29,2024-04-29/cam1=16-34-27_segment_5.png,a5287604e452b8d16ececfa2ca5cbf1ca58d36ef8c5d3027ae5460e116f5b6f7,13,12.46068021184524,17.0
Month2,validation,2024-04-29,2024-04-29/cam1=18-36-20_segment_2.png,48c2ceab9ea5fe6c766d06382e01c9610f3839d8b67dbf11acc6759e8101d700,13,15.558397940550229,17.0
Month2,validation,2024-04-29,2024-04-29/cam2=14-58-14_segment_0.png,d3ba3a7ace04da33b6e164b4c8dd4638d36141215a1e62b4358560805006956e,13,17.51632592103974,17.0
Month2,validation,2024-04-29,2024-04-29/cam2=15-00-54_segment_1.png,611e50c978fe7da1ae601fdabffcb59a8016ebad676f58b9ad4f10f70739cb03,13,16.987364010428628,17.0
Month2,validation,2024-04-29,2024-04-29/cam2=15-06-52_segment_7.png,40e1a437d46f68e450f79e6f2b41eb759089d7bc7eec56e353b1ae07186d0e5e,13,11.710380438312791,17.0
Month2,validation,2024-04-29,2024-04-29/cam2=15-26-29_segment_1.png,8349f4106826dc141cf83e5fac9911c6d2a1d15544955340131284d3be85294a,13,17.45303328654217,17.0
Month2,validation,2024-04-29,2024-04-29/cam2=15-28-27_segment_0.png,55f0633ea63fc8d511a8b58c76e9628fa622e3b2f81c6744e5edb6eced2fc8ff,13,17.986249388788472,17.0
Month2,validation,2024-04-29,2024-04-29/cam2=16-05-01_segment_6.png,12f6402b80f5cbb208c2f4fc9dc548c8cf100303350b0db7062409d5769b821c,13,14.886439716072783,17.0
Month2,validation,2024-04-29,2024-04-29/cam2=18-01-03_segment_3.png,a93a28e1b0357ed69bb47f732647df0c7b91ad362ee9c11c72c85be7a0a80996,13,18.532407249873607,17.0
Month2,validation,2024-04-29,2024-04-29/cam2=18-18-43_segment_3.png,cdf80d910582f81c111e7d023e7b46d43bc3f08cedc4c12d597315891c1aec97,13,18.57714834627726,17.0
Month2,validation,2024-04-30,2024-04-30/cam1=14-01-03_segment_4.png,cbb374bd7efea093f674334c47a1b23d84604675884d44d8f99a543eee38b7dc,14,14.706889515587777,17.0
Month2,validation,2024-04-30,2024-04-30/cam1=14-04-43_segment_2.png,3888c09a675638e66110cfb1b1f71e398e71bafa6d195f7f5f764dd451606011,14,13.346079226292959,17.0
Month2,validation,2024-04-30,2024-04-30/cam1=14-05-04_segment_1.png,5e69fedf5c5f49b2feb330c0aa4156a3d02fb75ab078704fa8603a3b2301ad3c,14,15.085456434137265,17.0
Month2,validation,2024-04-30,2024-04-30/cam1=14-05-04_segment_2.png,25c59df421c4a224fdeb1f7d7aed6bf024bb11f2582bada86927a7d7aefa8e41,14,14.372763501602748,17.0
Month2,validation,2024-04-30,2024-04-30/cam1=14-05-04_segment_4.png,8db2cf3c99cbef91f19a7acd5589a9687a92539d7b5fa6a81f59a3ee23e04ad8,14,12.570049717886317,17.0
Month2,validation,2024-04-30,2024-04-30/cam1=14-06-20_segment_0.png,fb29049546bd8bfe66400560efe7af64cdef2e5fe4301d8d8d0b80f21c1de26f,14,15.503565925732488,17.0
Month2,validation,2024-04-30,2024-04-30/cam1=14-11-03_segment_3.png,a621e4802af9c5faa89781981a4495a01383ffe292458b452dd4da1a0150ebd5,14,17.845506564605852,17.0
Month2,validation,2024-04-30,2024-04-30/cam1=14-12-40_segment_2.png,39f1a1646866953e984cee323164a3c9d7c6cd92874068396601ea88ab220d34,14,12.349557978069692,17.0
Month2,validation,2024-04-30,2024-04-30/cam2=14-01-29_segment_1.png,9a401209d9d74e288dc0a1e30ab6d2a89797d0d5ebff5b5b580c9aadc0ec05db,14,16.705619516378125,17.0
Month2,validation,2024-04-30,2024-04-30/cam2=14-05-59_segment_0.png,4a24f69be341d474e419aecf4e0afb84efd8e21b16c7264bf432147edbc32db7,14,16.156054335394746,17.0
Month2,validation,2024-04-30,2024-04-30/cam2=14-06-25_segment_0.png,0e733dee68d003642c384f30aa714d78cceeb066896e01fa94f5d2aba6d6ba5a,14,16.54728996451436,17.0
Month2,validation,2024-04-30,2024-04-30/cam2=14-06-25_segment_6.png,7d9899f2cee9c994b3fc83c3fe7ffa05c50839bcf60b7381bfbff36dd39961a2,14,12.572103877438682,17.0
Month2,validation,2024-05-01,2024-05-01/cam1=13-12-21_segment_5.png,a03b61f5d857107b58c1e6a1d99b78c2d5924c0200712e69c160f9ca14d84da9,15,12.407226363013024,17.0
Month2,validation,2024-05-01,2024-05-01/cam1=13-21-46_segment_1.png,e8eee61f3303d318732f25bd78ef3a202bb043c719aaf66aedc1e7a746adfd00,15,16.468805313584415,17.0
Month2,validation,2024-05-01,2024-05-01/cam1=13-29-34_segment_1.png,fe6bd28ed95fc1c3dea2210a6b3258ad17f0b6b1b8e44b02fa33170aecab26e8,15,15.646271525683213,17.0
Month2,validation,2024-05-01,2024-05-01/cam1=13-47-15_segment_3.png,a192f268f40a4c70bae8b2948755b101946ed11d6e320da36b02fe169079c1b0,15,19.026501533107258,17.0
Month2,validation,2024-05-01,2024-05-01/cam2=12-57-40_segment_5.png,c8f7ea5cbe0745287b0918a803c1fd4084821eca76045a4f187c54f1cacae69d,15,16.016424933050878,17.0
Month2,validation,2024-05-01,2024-05-01/cam2=13-02-25_segment_0.png,a914608c47da3f492b5841005d81b2af012a01277d24399cc93dad8a8d155567,15,15.564552374444858,17.0
Month2,validation,2024-05-01,2024-05-01/cam2=13-17-16_segment_2.png,7179c503648da8474f2701008bae4bc376a1ca00071bfcaf86fd3becc85befcf,15,14.20092829350724,17.0
Month2,validation,2024-05-01,2024-05-01/cam2=13-33-33_segment_7.png,cc43eaf98334c9324a54144c578db59a63f50a518a13181505852584c04be103,15,13.789849747360854,17.0
Month2,validation,2024-05-01,2024-05-01/cam2=13-44-53_segment_3.png,57fecb823de3fb0987b132f0c258f3d690e6839660bab8a8e13b1b18c7c2a2cf,15,14.72378088073477,17.0
Month2,validation,2024-05-01,2024-05-01/cam2=13-46-40_segment_3.png,3ed031d97a0dd0b3682a02e39d04b75ed346305aa7033805f4dafb6366385516,15,14.393122633809773,17.0
Month2,validation,2024-05-01,2024-05-01/cam2=13-50-16_segment_3.png,0e7d6147f9c8b9840ffce578296cf98d76ff87548127b495bad3ce05cba36207,15,17.344713466137154,17.0
Month2,validation,2024-05-01,2024-05-01/cam2=14-03-19_segment_3.png,3fc1ab67e466fd6ff917c516f4778f28e63e7cb14e992ebfe217128844cf3ded,15,15.885646025813323,17.0
Month2,validation,2024-05-02,2024-05-02/cam1=16-24-02_segment_3.png,b542c455065137544d5fe8fe99bb57a36d532519365869a7e966a56e435a09dd,16,20.115016412639058,17.0
Month2,validation,2024-05-02,2024-05-02/cam1=16-34-49_segment_3.png,e3f4a793cda688135a8d2868a1ec9f8c0a9cbd146bca4d34c3893c2b7db8b8d1,16,17.652060529079392,17.0
Month2,validation,2024-05-02,2024-05-02/cam1=16-52-00_segment_4.png,c021a74ef873413b78837da4eb032eb5cc106cceb309c5c82ba4d4a7a86bcf15,16,12.543436603846251,17.0
Month2,validation,2024-05-02,2024-05-02/cam1=16-52-25_segment_0.png,bccee22e98971eb92b5494f63430742306eb81fdfcbc8e38cb606040bdd9362b,16,19.318683527255665,17.0
Month2,validation,2024-05-02,2024-05-02/cam1=17-17-15_segment_4.png,ff8092cbd2bb76937fb875b29b64d0e2588ad1f6a0164e194d701af0a335a15d,16,15.456574535224872,17.0
Month2,validation,2024-05-02,2024-05-02/cam1=17-32-23_segment_6.png,368cd1de2e64af77cc6ef869ae7604f9d79063c2e754c53c915a9721df47424a,16,16.103512524512347,17.0
Month2,validation,2024-05-02,2024-05-02/cam1=18-29-50_segment_0.png,f756a5ea8f301abeced5e6b51b6eda2d79739c147aedd65c092ac198aad2197e,16,20.71568178735066,17.0
Month2,validation,2024-05-02,2024-05-02/cam2=16-28-20_segment_3.png,e5a17005d27a270a694f627f9c39209d24f3df31f3bb20423176fc43f455f361,16,19.25511988024514,17.0
Month2,validation,2024-05-02,2024-05-02/cam2=16-38-52_segment_1.png,64ea21b2bc4ec24cc3d28752772123c1975abc7367d71c0984de6fc84c119e55,16,19.854872081326583,17.0
Month2,validation,2024-05-02,2024-05-02/cam2=17-47-00_segment_0.png,6b422983c75596ce850680c99c0964d565f178c41738b1f0ae1696e9e33b2e26,16,19.372641666300225,17.0
Month2,validation,2024-05-02,2024-05-02/cam2=17-48-19_segment_5.png,2cca5dbddaff49957388f85e47b6f309ac91266d866c15d56b54a99ac9e5458e,16,19.688130178427418,17.0
Month2,validation,2024-05-02,2024-05-02/cam2=18-03-03_segment_3.png,d6c024b61849c9776b11851c71c8147f0da4a419eddc51a706e8565c9a263296,16,17.4685120213276,17.0
Month2,validation,2024-05-04,2024-05-04/cam1=13-47-54_segment_4.png,daa36b154f460932e458a59cfc689c8224abf3ff673d146fd1d545c71193bc32,18,16.447455540253873,17.0
Month2,validation,2024-05-04,2024-05-04/cam1=13-55-48_segment_5.png,7ed6be4c7c79963bf1c37792ba34e0878820bdee20eca8b463ea8ea87ba8ecba,18,14.204043497728074,17.0
Month2,validation,2024-05-04,2024-05-04/cam1=14-03-21_segment_1.png,77acabc770c576406a378490c01f0337319b06cf8bd4172bd5b3c8dbe1f3e72a,18,19.203386300098842,17.0
Month2,validation,2024-05-04,2024-05-04/cam1=14-08-37_segment_4.png,0b5f341ca3a4c1814903f6eb61b6cf347553fc16cc69c58f4ab1642db9313c38,18,20.929530161117597,17.0
Month2,validation,2024-05-04,2024-05-04/cam1=14-13-35_segment_2.png,e3a297d66b3d29c878554ee1ddcaa21ad0fd9f91b3b020ac365d4f4a2d7907b7,18,16.276369331043718,17.0
Month2,validation,2024-05-04,2024-05-04/cam1=14-21-28_segment_1.png,4bc87e8f40e2f57276afe375ea5446dcb182fdaf9fafd1c8d2584cbb5920606c,18,15.733496183431205,17.0
Month2,validation,2024-05-04,2024-05-04/cam1=14-44-07_segment_2.png,c75e9ce1a42ef8254e84a939997136f208752d6dbb496cf3fd468e2fb16ecf91,18,18.182020294115596,17.0
Month2,validation,2024-05-04,2024-05-04/cam1=14-55-35_segment_0.png,77f21be213b139bd31acfffb75b2770f4b034ee7e407a8c7426f61d6ae4163ed,18,12.193485836485616,17.0
Month2,validation,2024-05-04,2024-05-04/cam1=15-21-18_segment_0.png,0d6a749936ea9abdc9b327e06523f163bf6ac2b3bb7e987015dae8862c441555,18,20.62129625439905,17.0
Month2,validation,2024-05-04,2024-05-04/cam2=13-57-44_segment_0.png,ee4ed0c38fd08be82c056c28c633e7c242f6883132a6f7ec3b36560b1071b4f6,18,18.845849276973127,17.0
Month2,validation,2024-05-04,2024-05-04/cam2=13-58-09_segment_1.png,519884e7c0d0278a4f4f67d49b094fbb68fbd5f38993b288eb4c112637d8d346,18,17.4934924136007,17.0
Month2,validation,2024-05-04,2024-05-04/cam2=14-00-33_segment_2.png,1fdaf9b6c8130fa058b3897c4a460f2c6a124c8c9ff5c3459c4be5aa1c97a5ac,18,20.186253623765325,17.0
Month2,validation,2024-05-09,2024-05-09/cam1=16-51-35_segment_2.png,421cf864751f722d4e301f16b97c44e775f6ad17a3595cc6d69f2ce9706587cd,23,17.15394097401677,17.0
Month2,validation,2024-05-09,2024-05-09/cam1=17-15-04_segment_0.png,63a367a424c04e7bcaffab79f5e5ef2f493d332aedf4b8b2f3bebe1915c5adb1,23,20.261952298364825,17.0
Month2,validation,2024-05-09,2024-05-09/cam1=17-15-04_segment_3.png,99baee67b7222300b4d3f21e8df2682731351a345b65539937fe32a2bf49bcf0,23,22.08342829273224,17.0
Month2,validation,2024-05-09,2024-05-09/cam1=17-21-34_segment_1.png,184078e743a61c025009002c0a237f3335bf0c5d151655f0d339c80e756ae725,23,18.214523135793925,17.0
Month2,validation,2024-05-09,2024-05-09/cam1=17-23-57_segment_0.png,71f7d696391158576f7403ab71f8d0fee954f266b4a0c68afc7f173aa2d98374,23,23.30145707043355,17.0
Month2,validation,2024-05-09,2024-05-09/cam2=16-36-08_segment_8.png,e8524fe69110b93a45f2badcd1fd5f0ba37d752e84e4a72c828bf4eb3595b906,23,16.555683489368334,17.0
Month2,validation,2024-05-09,2024-05-09/cam2=16-38-17_segment_5.png,044af3580a0dae51271574797e257799c5e24b1be4c76b3ec5e1f8d3c22036b7,23,20.5934201793722,17.0
Month2,validation,2024-05-09,2024-05-09/cam2=16-51-59_segment_5.png,ae5973043f269834012ed4d4dae08579f44835bc94db489786bba73453dedc18,23,23.8555664222481,17.0
Month2,validation,2024-05-09,2024-05-09/cam2=16-56-37_segment_7.png,1ae6b3c1a7de6444e6318eedcc354e1ec34114a08c1df6a9ddaf852406410671,23,16.462744285421635,17.0
Month2,validation,2024-05-09,2024-05-09/cam2=17-18-30_segment_3.png,788b6d223f06b094985f290b3a94ca1b2b8cac0332c6434ee4c716731bb898a6,23,22.665626945166245,17.0
Month2,validation,2024-05-09,2024-05-09/cam2=17-32-58_segment_6.png,e9c6fbf8f5d602fa4e2e5d5e2fb088b552f7b60694db4179c78b515eae54101b,23,16.111088369124918,17.0
Month2,validation,2024-05-09,2024-05-09/cam2=17-34-38_segment_1.png,e51118ded9202b3f25de013379055112b6e31b49b86092921c6c379fe157ef20,23,19.732357928752258,17.0
Month2,validation,2024-05-10,2024-05-10/cam1=13-56-59_segment_1.png,15776d6f0986e18ad5f18ece5e55776895182e976f91197cb300cf441991d154,24,18.316199279010476,17.0
Month2,validation,2024-05-10,2024-05-10/cam1=14-03-17_segment_5.png,51b965ac79c10f4bd332b949538bfb7d99f8cfb016aec1d1ca001a34aa2d2ae3,24,13.064598062251457,17.0
Month2,validation,2024-05-10,2024-05-10/cam1=14-06-05_segment_1.png,027b26c5c77f5a45cc1a86f3fb1c7a8ae147d2b6ae1e420172281dd1cb27a000,24,20.04369569445705,17.0
Month2,validation,2024-05-10,2024-05-10/cam1=14-16-48_segment_0.png,38d1bf09cfb4bb8ddd15de14cd1431d49aa2679b974784cd653d431f6dd9a06d,24,22.160179365808716,17.0
Month2,validation,2024-05-10,2024-05-10/cam1=14-19-12_segment_0.png,586719c5f5a6d03d8bbf735b6db8d6fa4d3f834ac418650b3708fe2b82dccd64,24,22.00805088444841,17.0
Month2,validation,2024-05-10,2024-05-10/cam1=14-35-04_segment_2.png,7d2007a6a309126eb0cb9af816689d7c37e06f7dfa5501e1ade97930611a14e1,24,19.338976356547544,17.0
Month2,validation,2024-05-10,2024-05-10/cam2=13-45-30_segment_3.png,ce5dc647056479a0eeccdebd50f8dba56a2ce62961c3ba49085b416ff57ee3e7,24,24.504792928565486,17.0
Month2,validation,2024-05-10,2024-05-10/cam2=13-45-38_segment_5.png,7b99cdc69404ac1a02891de54641242d2e642259b4e3a8896773346b727cc95c,24,19.35385565012,17.0
Month2,validation,2024-05-10,2024-05-10/cam2=13-49-37_segment_6.png,d9da2daacaf16434e031163f06b8a5acffb7f9dada4b91c1b2fa05733fd31914,24,18.88560205188569,17.0
Month2,validation,2024-05-10,2024-05-10/cam2=13-51-36_segment_0.png,69580b785836911e0f35a1c9af64b84f5587753b4f133f0771b3e6d56b8d86e5,24,19.99511509780475,17.0
Month2,validation,2024-05-10,2024-05-10/cam2=13-54-37_segment_0.png,7d45bc1caad622d2aadcc375ae3ae1c6c2bce49a2f3447c7ad9a26aeeba0d57b,24,20.367917917200135,17.0
Month2,validation,2024-05-10,2024-05-10/cam2=15-27-06_segment_8.png,fb89a9dd8c85b1dee886ca167576c6ee4bdc902c340fb9cd3c548847deebb51f,24,14.586468339225855,17.0
Month2,validation,2024-05-11,2024-05-11/cam1=13-40-11_segment_6.png,eeb3d87d9a0dc0e7b93d8eb6311e4671276b04cbe1550dcf86f876e2ed10a8e6,25,12.44089312122951,17.0
Month2,validation,2024-05-11,2024-05-11/cam1=13-41-27_segment_5.png,163b92a73058022f4a53c42d7ff94d7b107d12be2278c659a3e5a5b5b454e12a,25,21.48755332711645,17.0
Month2,validation,2024-05-11,2024-05-11/cam1=14-31-20_segment_0.png,233538e42af0e8ebffd446e7f9c390520966efe2f5130ad5e33831caa0f16bef,25,18.4570914887775,17.0
Month2,validation,2024-05-11,2024-05-11/cam1=14-32-56_segment_4.png,824983f3b5292d90e53c8492a04d262a81341f6e584c77c04560a36dbbe70884,25,21.279765819654486,17.0
Month2,validation,2024-05-11,2024-05-11/cam1=14-39-27_segment_3.png,c97dd1ac7f21a53470fd0380254e1537562bdee46cf7c7b6a281d0e5b57761dc,25,18.416259175222997,17.0
Month2,validation,2024-05-11,2024-05-11/cam1=14-40-07_segment_5.png,09db75ea74b163e6e547dc106d458b9920f72178b08bd4ca5d04608535a41520,25,11.375405548553665,17.0
Month2,validation,2024-05-11,2024-05-11/cam1=14-41-03_segment_1.png,43edaa189db6d706108eed5ed5b7871198fee883e84d03f41cb0e798e9be49af,25,17.056335201172324,17.0
Month2,validation,2024-05-11,2024-05-11/cam2=13-41-19_segment_2.png,8e023e46b6e074f82ceba7cccabd8ae82877479b020de080c5672e32ccc1d17c,25,22.298748094828966,17.0
Month2,validation,2024-05-11,2024-05-11/cam2=14-26-17_segment_0.png,af59675ca872b1e4014aae4ccc921d4bdadc7b3e9567cc2343997a4aae62aaa1,25,19.974171618569766,17.0
Month2,validation,2024-05-11,2024-05-11/cam2=14-26-17_segment_2.png,1e5f251cd303195322333bb25ba35ce757a794c32b759819e6a3210c4dc01da7,25,19.49403707225911,17.0
Month2,validation,2024-05-11,2024-05-11/cam2=14-27-45_segment_1.png,3346aeb7871f7fef839b501ac41b6dbbce7903daa44aac40b58050e0ad28dcaa,25,18.405315469128045,17.0
Month2,validation,2024-05-11,2024-05-11/cam2=14-42-58_segment_1.png,cf311b1bd5f69fd5e640ea204b70d2de0f7d2003372d190c39c3f3117ef29f4e,25,18.486194036581104,17.0
Month2,validation,2024-05-12,2024-05-12/cam1=19-39-15_segment_0.png,15a5e1869f8106283d614fd2d7db63d3452223d50fdc5f2c079435c6c008ad5d,26,20.347487099814728,17.0
Month2,validation,2024-05-12,2024-05-12/cam1=19-43-43_segment_0.png,353f9302a80f94a19f2c8dbc57d9f9b674283429fa3c9ffc2d3a744dc1147e7a,26,20.535221668428143,17.0
Month2,validation,2024-05-12,2024-05-12/cam1=19-50-31_segment_1.png,317a0c5d777a7dc2db70ab1e6e9d39115b9f605cc69ad80b2c482d61e63a5f2f,26,22.170585260352738,17.0
Month2,validation,2024-05-12,2024-05-12/cam1=19-51-27_segment_1.png,1fbdabcf88336cd4081e7411ee6c70d83d6fb9905b9d0b11453ec3094a71de01,26,20.689741999903013,17.0
Month2,validation,2024-05-12,2024-05-12/cam1=19-55-13_segment_0.png,d59313ca06f095d0555750dd428adf3b760881c56a1778d3986fea3286364fd9,26,20.645758164222677,17.0
Month2,validation,2024-05-12,2024-05-12/cam1=19-56-53_segment_1.png,9d66b54a57c40cc6252d13200df33d665ceb31124e340ca40fb04545924b929f,26,20.77526806873636,17.0
Month2,validation,2024-05-12,2024-05-12/cam2=19-36-50_segment_1.png,f787571b3cd65a452102acc0a1728e3446d59a18d22ec7f735c87d78da17c1d5,26,20.412028185244534,17.0
Month2,validation,2024-05-12,2024-05-12/cam2=19-38-38_segment_7.png,9fcee43dfb8019a3a716261ee42fa9139b6be678ae4207d7d733fc20a47b9edf,26,14.65711951261047,17.0
Month2,validation,2024-05-12,2024-05-12/cam2=19-50-47_segment_4.png,ff7fbd9c80930732adc15dba5e56643d37fe4886c7cd723119203ceca5563653,26,22.859293208747758,17.0
Month2,validation,2024-05-12,2024-05-12/cam2=19-53-09_segment_2.png,ac57e408da7f50a946166c1687dbb42437dd21179d2364e2cebb6d1016205966,26,19.77341256394099,17.0
Month2,validation,2024-05-12,2024-05-12/cam2=19-55-33_segment_0.png,da04480ada00b69dd9c259e09c0a91385dc0a6650731e188429f7909f7a11ebe,26,21.379726251550565,17.0
Month2,validation,2024-05-12,2024-05-12/cam2=19-58-49_segment_0.png,c1e0e3d75f295959a33470a975067564a0c582bb79c6184d8d2c3c7fa2ac6c32,26,20.474442293402017,17.0
Month3,test,2024-05-21,Data2/2024-05-21/cam1=00-08-00_segment_2.png,1332ece34273485a49d1ea7250b03015629e219bc7415768e45977be0822ff4d,0,8.838500008584846,17.0
Month3,test,2024-05-21,Data2/2024-05-21/cam1=23-51-30_segment_0.png,bc691c454b91d176f5263f7b6c2496966474e696881f652676933f20ead0bc57,0,15.336418823249971,17.0
Month3,test,2024-05-21,Data2/2024-05-21/cam1=23-51-42_segment_4.png,2faf1bd417defddcde39173877028377eb953adbbe11b5972bae7b3859c203e7,0,15.50114725541923,17.0
Month3,test,2024-05-21,Data2/2024-05-21/cam2=00-05-46_segment_3.png,2c7113080701c60e3330725059bdbd34e4cd8e306e4eb1f3bdf84f305345d792,0,14.461182336977947,17.0
Month3,test,2024-05-21,Data2/2024-05-21/cam2=00-10-15_segment_2.png,d7258645c33486ed6daad92649589faac6729879d663b61ee8e0d7ffc06f54b3,0,13.839670297382938,17.0
Month3,test,2024-05-21,Data2/2024-05-21/cam2=23-43-25_segment_0.png,3fbfb318a7919901fb3a11c210953e464bb20ab08442654ce6b69421becefc5e,0,12.487702539152561,17.0
Month3,test,2024-05-21,Data2/2024-05-21/cam2=23-44-41_segment_2.png,a90e6f285e6dfc2f3caa0dec82fa0945da90473f35393cec7e9bc9dfbc515715,0,15.416521749870402,17.0
Month3,test,2024-05-21,Data2/2024-05-21/cam2=23-45-57_segment_0.png,a9663a3d0284b2fb6e3fcf1e8998e8d8b12411f13217afa0d767821ea8709f40,0,13.818656369631963,17.0
Month3,test,2024-05-21,Data2/2024-05-21/cam2=23-45-57_segment_1.png,8e85f84cd09d07f9b7e49f658d24af953e41ab829c61f4d985060d44f89576ba,0,14.408979521651812,17.0
Month3,test,2024-05-21,Data2/2024-05-21/cam2=23-45-57_segment_5.png,9581bb3aa8f0f7a5ca2feed7a56cfb0c700ea69353835ee0d2baa9831dde0c2b,0,10.47081460284036,17.0
Month3,test,2024-05-21,Data2/2024-05-21/cam2=23-51-06_segment_2.png,691beb3b2332706dcb8be4913c380e77a7e879e4e7c788aaad0650ffef309494,0,12.02321253860342,17.0
Month3,test,2024-05-21,Data2/2024-05-21/cam2=23-58-27_segment_0.png,3fcae1379b4ef1a852224354249b4630ed971e233ab7c70aed24e85172a5af24,0,16.637868948327494,17.0
Month3,test,2024-05-22,Data2/2024-05-22/cam1=14-03-08_segment_1.png,a9dbf50ecb2a41191cc00a7be2048bd7ad350dec4dcc8351348ce3579b272c6c,1,11.222578476033359,17.0
Month3,test,2024-05-22,Data2/2024-05-22/cam1=14-41-21_segment_0.png,1a0ee50a754ff030fd07c1cf033e56c8ea6bd793690b162467c03fb4e15b0df3,1,10.686203645341582,17.0
Month3,test,2024-05-22,Data2/2024-05-22/cam1=14-41-21_segment_4.png,d40afee75ba236b6ed33437acddf3c56cd726a19d6bf5938f89be02d296a3cf2,1,8.32901480037988,17.0
Month3,test,2024-05-22,Data2/2024-05-22/cam1=14-54-58_segment_0.png,7666d1e7f79a66785a78b4e862d06ef5bd0e512ef736a28c454525fe874770d5,1,10.786879710889483,17.0
Month3,test,2024-05-22,Data2/2024-05-22/cam1=14-57-30_segment_1.png,13c532cdf0da3cd69a598535a4523b0fc433bd7a1b2567d1e49e1f6ca9ae5826,1,10.65117995509688,17.0
Month3,test,2024-05-22,Data2/2024-05-22/cam1=15-01-34_segment_2.png,9da33cbc12cc41d02efeaada41109e3fe513936639f6036c4225fde6f4387a26,1,11.36957437221449,17.0
Month3,test,2024-05-22,Data2/2024-05-22/cam2=13-58-11_segment_1.png,6252d34d633768ca94478c07756c88a0b1ce5d1bbbf14d115d9b053d3c2f36b5,1,10.44043609391877,17.0
Month3,test,2024-05-22,Data2/2024-05-22/cam2=14-03-52_segment_2.png,683f8f822c414ff3f3840db739daa37d0338cd04e8493c2bcc826a1e76279763,1,10.214366333263662,17.0
Month3,test,2024-05-22,Data2/2024-05-22/cam2=14-44-26_segment_0.png,cd45a1ff193c9ea7c37740337a57a18a74e4f6fe8237d8c9426b02c752f1c967,1,10.87854833083006,17.0
Month3,test,2024-05-22,Data2/2024-05-22/cam2=14-48-55_segment_0.png,91b5bec0f056c2e40bca51392308589f3cb88e04dbbc4ccb771f7c158d8a51bc,1,11.944586123416787,17.0
Month3,test,2024-05-22,Data2/2024-05-22/cam2=14-59-06_segment_1.png,36e9255bbaba1518dad3c469ab1a7c0d942fa9e2770eb60125a36338dd26b466,1,10.698179000157227,17.0
Month3,test,2024-05-22,Data2/2024-05-22/cam2=15-00-30_segment_0.png,c4be1a980af7b2b785dc31d869ae13f6e6a73ce395a221b893c62ceb78b1a566,1,9.841613427852591,17.0
Month3,test,2024-05-25,Data2/2024-05-25/cam1=12-54-32_segment_1.png,92d2e5ee79c5b0c7e143abe7b6d09781acf9dc57c7888688d5290d64bd3322a5,4,12.786749884173233,17.0
Month3,test,2024-05-25,Data2/2024-05-25/cam1=12-55-41_segment_1.png,3c2f4fce3c9867f5a79e203b67f9e9ebb05222676c856656cfd74fd6feb72e01,4,11.034376463649082,17.0
Month3,test,2024-05-25,Data2/2024-05-25/cam1=12-58-19_segment_1.png,429621399a5e958008d40cad2edbf1cff4872fae4bb8752f699aaf8bd8fe48bd,4,12.856322573223201,17.0
Month3,test,2024-05-25,Data2/2024-05-25/cam1=12-59-39_segment_4.png,46d5e4722929399bb6d13ce0c79beead674ee95f794cad6213510383076c58b8,4,12.519484209694,17.0
Month3,test,2024-05-25,Data2/2024-05-25/cam1=13-00-03_segment_4.png,bbbd8b1984dc5dd270ebe010b5659f1a0d65059e3cdf495107cdfb8135c3aa86,4,12.319094813531526,17.0
Month3,test,2024-05-25,Data2/2024-05-25/cam1=13-03-47_segment_2.png,c648576108846d0f8acd0e34d71c3c37a975cc2276a8ba2ed9101272c96ad926,4,11.650040132634729,17.0
Month3,test,2024-05-25,Data2/2024-05-25/cam1=13-06-27_segment_0.png,575a8cd72b1693993cf162449aef635abf3020ab8491214ec306e203caeeafee,4,14.170089390719486,17.0
Month3,test,2024-05-25,Data2/2024-05-25/cam1=13-12-39_segment_1.png,b8999e99ca0b107326e46d38bf1a79597121c165cab2f24c5ebfd0e5d69d61f9,4,7.467576867420834,17.0
Month3,test,2024-05-25,Data2/2024-05-25/cam2=12-56-05_segment_1.png,c9d24a649f12646d9fe784aa2af412a309daa7e79a5cdc81790904e8d6146b04,4,12.061959019122899,17.0
Month3,test,2024-05-25,Data2/2024-05-25/cam2=13-00-31_segment_2.png,c99cf29977205587e168f56b71e1f0236b397c176e71bd9969669fe1cd05f745,4,11.91018592473875,17.0
Month3,test,2024-05-25,Data2/2024-05-25/cam2=13-00-43_segment_4.png,4d8d4ddef37338ab8e2bb8b9674a3a3d600aa174bf5a91c656e3257c80dd5801,4,10.3704630020136,17.0
Month3,test,2024-05-25,Data2/2024-05-25/cam2=13-09-43_segment_5.png,e60a3fc8852ece99fa5430fdb83075fa93df42d7f8cd4f4575badc5eac9b0cea,4,10.715342316518667,17.0
Month3,test,2024-05-26,Data2/2024-05-26/cam1=16-46-02_segment_2.png,741cfa1cde45a60b1cc7e9458356a9632c9f3e0774d79e7fe75e6899c19ddcef,5,15.080635324076928,17.0
Month3,test,2024-05-26,Data2/2024-05-26/cam1=17-58-33_segment_5.png,b7e55152b726d746765ec364abff026a015852af05daf5b790dd5691af6e14f6,5,14.526200179694218,17.0
Month3,test,2024-05-26,Data2/2024-05-26/cam1=18-03-12_segment_0.png,d36bee1f19de4213538994458d282c9c644ae9490c18745587b9e4e730345c31,5,15.640821535143933,17.0
Month3,test,2024-05-26,Data2/2024-05-26/cam1=18-10-44_segment_2.png,cf0eb3d17729145a907ddecad1bd4b1ab29b52f8ad2f1bd21fd25d4035897cd7,5,16.68518029059536,17.0
Month3,test,2024-05-26,Data2/2024-05-26/cam1=18-10-44_segment_5.png,24e0bcf89d3f8710f1406c6e76d3cf91cf784ed725567608aa418258a82f0c5b,5,14.48349095177772,17.0
Month3,test,2024-05-26,Data2/2024-05-26/cam1=18-46-06_segment_6.png,c474274e3fd4244e72a8f051ac06a6c8cde5cf5c9910dbac2c2fbe2eeaa3776a,5,13.635540718920577,17.0
Month3,test,2024-05-26,Data2/2024-05-26/cam1=18-46-54_segment_0.png,5c8021367adec5c40fadaddc459ba8717c4c18e53eaeca1ab9b7114de02dfbb8,5,15.864983905467781,17.0
Month3,test,2024-05-26,Data2/2024-05-26/cam1=19-01-47_segment_0.png,cfa5275e615bf693c0fc66cfd5a6ff52a5e32b6e735ad586b27891e813db8045,5,15.648468570568093,17.0
Month3,test,2024-05-26,Data2/2024-05-26/cam2=16-58-50_segment_4.png,49d02cfc69342c80e670dc47bf30a7105356b0378478e886b00616534aa7f54e,5,13.106871843653494,17.0
Month3,test,2024-05-26,Data2/2024-05-26/cam2=18-30-21_segment_5.png,4b455362a227e63f43b0b5db665fddce17e55e2a1dd34f29320ebe353137000d,5,14.571419854351722,17.0
Month3,test,2024-05-26,Data2/2024-05-26/cam2=18-38-27_segment_3.png,a490f787503b33b1ce8f0ac146866ed9f172d29d4503e94702d263f503a63d2a,5,15.691631535484662,17.0
Month3,test,2024-05-26,Data2/2024-05-26/cam2=18-39-31_segment_2.png,943502d3952a34ca5fdf09b7d1c179286e1ef70ad5abfa7489cd2a89944e40bb,5,15.84944900189361,17.0
Month3,test,2024-05-28,Data2/2024-05-28/cam1=13-00-37_segment_5.png,5ee2054f805ce64f5ef32a1e6f65567a67faaebacf177415c406a52e6c957625,7,13.826412785819436,17.0
Month3,test,2024-05-28,Data2/2024-05-28/cam1=13-03-19_segment_0.png,488f764f00649718cf73b36aa63c6d8c57ca5e2889bb263d580f0cb4a79a6826,7,14.931313693140146,17.0
Month3,test,2024-05-28,Data2/2024-05-28/cam1=13-10-32_segment_5.png,9d214e995e0cc229084f86eae56f212853d57ff1e0491df6a31f57a05fccc83b,7,13.327293851914796,17.0
Month3,test,2024-05-28,Data2/2024-05-28/cam1=13-25-57_segment_6.png,cd5b9f66b328b761c1fd8d278ad8c98a46d7aa9170b785e1548375aa642dcd0e,7,12.30943410768311,17.0
Month3,test,2024-05-28,Data2/2024-05-28/cam1=13-32-30_segment_3.png,e49c71df2dd85ad13fbabfd90663ab40eeadfebdd7ebf5dfc97035389911e2ff,7,14.665457324039577,17.0
Month3,test,2024-05-28,Data2/2024-05-28/cam1=13-35-37_segment_3.png,60ad0c625a102f3139600741fe1dcbacc9182842b9734bf52ec618e38d27ec6b,7,14.25101171215623,17.0
Month3,test,2024-05-28,Data2/2024-05-28/cam1=13-36-56_segment_4.png,4f211746c17a1741818326673f5bf75b34166448662fae280accf41c9d8fbd75,7,15.262402185203428,17.0
Month3,test,2024-05-28,Data2/2024-05-28/cam1=13-37-44_segment_5.png,448d7e83e44f1bdf6f95245eb33003e6d59420aee016316b55d6ae0089cae72c,7,14.606534694396352,17.0
Month3,test,2024-05-28,Data2/2024-05-28/cam1=13-38-55_segment_1.png,18b2b1f108fc55cec09ac48e281bad90b0c4529d0510e4a0cc97d9e585613e32,7,14.109131108903282,17.0
Month3,test,2024-05-28,Data2/2024-05-28/cam1=13-45-10_segment_6.png,3b52fbc5905219c01bb8e2044bbdb72b119574dd9d039fcd64ea73c35a36240e,7,12.118350605265968,17.0
Month3,test,2024-05-28,Data2/2024-05-28/cam2=13-07-50_segment_0.png,85685d4baab558607710de9f2dc29888649fe48b39aedd025ff6991df1da6dc9,7,13.628732110745828,17.0
Month3,test,2024-05-28,Data2/2024-05-28/cam2=13-17-52_segment_0.png,f2a01b82bcfa1bef6d61d9f9277a391a2b8709af20bf5c790c40fb4513e866d9,7,13.717150443872468,17.0
Month3,test,2024-05-29,Data2/2024-05-29/cam1=15-26-00_segment_3.png,a0d62deeb86c3b6bb61acf66ff165b3ef08c005b07a233cab40d150125aea6c9,8,15.160007764248252,17.0
Month3,test,2024-05-29,Data2/2024-05-29/cam1=15-27-52_segment_2.png,9df0e3bfcfea6d19187fe3d0548096298fb481214879fd87360efb5af63bdea1,8,16.123424412071344,17.0
Month3,test,2024-05-29,Data2/2024-05-29/cam1=16-08-07_segment_5.png,497752f5332eceab2fdae2819b2a9a8ba6edd6b7eb4d7579a89221b2355e0668,8,16.779412740274253,17.0
Month3,test,2024-05-29,Data2/2024-05-29/cam1=16-08-23_segment_2.png,6b66ac390ff466a841949647687e12b03585b94b204ab3067237f20f384c91f4,8,17.875671791114033,17.0
Month3,test,2024-05-29,Data2/2024-05-29/cam1=16-19-32_segment_5.png,2e0f34aaf5360958eeb89b31429f0a1a05004c0612d7354efb77c0e22b88f1d5,8,13.319466426254502,17.0
Month3,test,2024-05-29,Data2/2024-05-29/cam1=16-22-50_segment_6.png,c58d9a92e4e3e165b6e3c372cdbba6674ba25827e000b140ce855b71e2bd065b,8,13.102390353048332,17.0
Month3,test,2024-05-29,Data2/2024-05-29/cam1=16-41-38_segment_0.png,a9a859d40f82819df444b37300f89d43c397e8d6ce78b427ee3a4597f771ae5b,8,16.75379257936407,17.0
Month3,test,2024-05-29,Data2/2024-05-29/cam1=16-49-59_segment_3.png,ffe2d483b9ea5f4724b057a1a9f8d736c5a8a1360b29c1741b0153b125861dd2,8,15.941402417985026,17.0
Month3,test,2024-05-29,Data2/2024-05-29/cam1=16-58-22_segment_6.png,86f126127a1f183b6e01f13c7f06716fa8b6b8eafc645627a9e7642cb3dce765,8,13.834454456256612,17.0
Month3,test,2024-05-29,Data2/2024-05-29/cam2=15-32-56_segment_5.png,1a96ef9280e536689aa7977fa621bc869cbd055555de47d03d4d0ae37d4d7c5f,8,14.443463331329184,17.0
Month3,test,2024-05-29,Data2/2024-05-29/cam2=15-40-01_segment_2.png,40c8b511e3178a851fefe80d5817df19e0802b6fa53aa121e9c9201918a0902e,8,15.443162229548275,17.0
Month3,test,2024-05-29,Data2/2024-05-29/cam2=15-55-52_segment_3.png,20ad8ba7c46643941cf6a9fcb9600624f82409b4508ac2d2dbfcab17a50ac296,8,16.349112965658257,17.0
Month3,test,2024-05-30,Data2/2024-05-30/cam1=18-38-26_segment_0.png,6ccde274d3914c7d938a3f5eb3ca0d770e36cd71c4d38b493de08fdfc08ecd35,9,19.1303198955162,17.0
Month3,test,2024-05-30,Data2/2024-05-30/cam1=18-48-05_segment_6.png,ba85820912e9b80bfb5fe1cc68f51daf0cd3f7861075f8d67ff30fa9a8fd3093,9,17.505697290337487,17.0
Month3,test,2024-05-30,Data2/2024-05-30/cam1=19-03-16_segment_6.png,e03a25240c116574e2961be1803f164dd3d4cdebfc6baeadfa5c8d2f6cb09f37,9,15.687221254044761,17.0
Month3,test,2024-05-30,Data2/2024-05-30/cam1=19-04-19_segment_6.png,ea97f07c74a9290aa1c0aa2e720851c25ac7e6867bb63bc0277b913ff9be4745,9,15.881856080617931,17.0
Month3,test,2024-05-30,Data2/2024-05-30/cam1=19-05-11_segment_4.png,4fea48388f6d040e491d73c6d8315a0853e0f4a337e501b2ff731efcc7c98b2c,9,16.052974600846774,17.0
Month3,test,2024-05-30,Data2/2024-05-30/cam1=19-09-28_segment_1.png,c8d9ae25625940169ac1b063f1fa483ebb4d1fcba4a9b53558cd2e0c217d9176,9,16.807759554345814,17.0
Month3,test,2024-05-30,Data2/2024-05-30/cam2=18-30-40_segment_5.png,7d840f71638c4125dc3a3a603f19b157d06e6e37cb50fdb85e08885232c914da,9,18.733655462823368,17.0
Month3,test,2024-05-30,Data2/2024-05-30/cam2=18-38-27_segment_5.png,acb2306b6f3fb3b5af227fe38490a4be4af306e0577bb7622fdc3f65b92f8b55,9,18.5176639441366,17.0
Month3,test,2024-05-30,Data2/2024-05-30/cam2=18-48-33_segment_3.png,1666bc93c4263f6531f269e05d46a4a210654d2760ff658428a0c1df3caa4342,9,17.508478249864673,17.0
Month3,test,2024-05-30,Data2/2024-05-30/cam2=18-55-45_segment_5.png,5dcffafc5e9f3146fd9acfe329840485b38718b15dba19d1c575ad72fc4f8dc7,9,17.558943319516214,17.0
Month3,test,2024-05-30,Data2/2024-05-30/cam2=19-07-28_segment_0.png,b6c8c195dfa516bd6c6d581d85f47089b5a8d07f36d4835f1a38c6763f4ebbb9,9,18.931991563788852,17.0
Month3,test,2024-05-30,Data2/2024-05-30/cam2=19-07-28_segment_1.png,271f63347ec5586c920d4392b60b55c5ee3e27f6ba21105c3a73b99044da0b8f,9,18.82754543051739,17.0
Month3,test,2024-05-31,Data2/2024-05-31/cam1=16-30-47_segment_2.png,6ceb0b8616aad46e8363638d1e897599a8fb9bae0ce9bebd155079ad22acf3d1,10,17.321780205242295,17.0
Month3,test,2024-05-31,Data2/2024-05-31/cam1=16-34-40_segment_3.png,6a6ea8a28d9f80c941cafc758434a4dc3583cf19e02e8d7d38ee72935bc1d8c6,10,15.26379208455631,17.0
Month3,test,2024-05-31,Data2/2024-05-31/cam1=17-00-55_segment_2.png,25bb4490e4fc0c90cf73339baf03a3080942d8cfc97445ee1542125f81d94f70,10,16.928272735800224,17.0
Month3,test,2024-05-31,Data2/2024-05-31/cam1=17-20-00_segment_0.png,342d8bb878b8751d3c6b93f7331e7774f431ef14f65966f478814db6b7f0764a,10,19.100958040459624,17.0
Month3,test,2024-05-31,Data2/2024-05-31/cam2=16-32-04_segment_7.png,d7c6204a428b33cc12e3e36fcfc5c5384fb35b443588417b95ea34f661e6af6e,10,14.186637457921059,17.0
Month3,test,2024-05-31,Data2/2024-05-31/cam2=16-36-37_segment_2.png,9c37d8a8b61d309d5328b613c1e79ac0245785cb195824424aebb892c519c753,10,16.509163978425303,17.0
Month3,test,2024-05-31,Data2/2024-05-31/cam2=16-56-39_segment_0.png,6c3f59f6070cf6a6fec99e03f04038d9869337aa816ac5b31dd81044284e9aaa,10,18.18920996541104,17.0
Month3,test,2024-05-31,Data2/2024-05-31/cam2=16-58-22_segment_4.png,5dcb2f4c1c44ea0f98ceb32b260adc8edc8bed49ad9d4a1b57288107cf5e7a30,10,17.30800032982441,17.0
Month3,test,2024-05-31,Data2/2024-05-31/cam2=17-04-24_segment_3.png,da25c0b99dc3f3debdb5404af66847e62c565d62c8c688e229e42774531eeecc,10,17.029745392079334,17.0
Month3,test,2024-05-31,Data2/2024-05-31/cam2=17-11-59_segment_4.png,8daae20e61c418345bf51aa372352dda88ed107fb14614c9f2cb44fce6a002bd,10,16.813574393200856,17.0
Month3,test,2024-05-31,Data2/2024-05-31/cam2=17-15-02_segment_2.png,45e5a73e604abcca1a6b13e2f8414cfde1c22f71c1033d4b1c441bc1b17137d4,10,17.74483365229493,17.0
Month3,test,2024-05-31,Data2/2024-05-31/cam2=17-25-54_segment_7.png,5382f5ccc9feac24f206cafcd483cb5e373f6459945206d9dd8f4417c368a764,10,16.11274412468451,17.0
Month3,test,2024-06-01,Data2/2024-06-01/cam1=17-17-11_segment_3.png,2ca5647789a893fd9b728869bf2c3786488b737f9dcb063841d5716aa680bea8,11,20.510435408356447,17.0
Month3,test,2024-06-01,Data2/2024-06-01/cam1=17-21-36_segment_2.png,4c740e119b503f5d2be7088ecbc90c84a4518608173720ed6ec2424333d14ccd,11,17.557543423874318,17.0
Month3,test,2024-06-01,Data2/2024-06-01/cam1=17-27-32_segment_7.png,9cca56aae5b9b4bc5d14687522560786365c5e239477f96a0668cc9dddc88417,11,13.68007253782095,17.0
Month3,test,2024-06-01,Data2/2024-06-01/cam1=17-28-40_segment_4.png,b554555cda98a8d63407c301b42d62e1bdca957600c69e16507d17f246f3d4ad,11,19.07392132650169,17.0
Month3,test,2024-06-01,Data2/2024-06-01/cam1=17-30-08_segment_4.png,e80a22da35a6821874497d60354bcc82e79a68a185b6c634e5f2247152cf19fa,11,18.379376970465188,17.0
Month3,test,2024-06-01,Data2/2024-06-01/cam1=17-42-18_segment_4.png,f4f5fc732eaa4919dc2ea71280c097669aad581f1d617a712270a9f621f26f40,11,17.81045158037502,17.0
Month3,test,2024-06-01,Data2/2024-06-01/cam1=18-10-08_segment_0.png,ddcd4ea50cd07afe6b1fbc15cbfdee64d19676f5ade8915353629c9670fd84d7,11,19.389130750505963,17.0
Month3,test,2024-06-01,Data2/2024-06-01/cam2=17-05-47_segment_8.png,d073fe2c59c605691fb991f1e23b8a46b6a819aec19faca4abf4a3b60844034a,11,14.79927491180224,17.0
Month3,test,2024-06-01,Data2/2024-06-01/cam2=17-06-20_segment_6.png,881c87430e34be5572f1bfb361424506067f08e7b4c262fcde2a2756a0637b7e,11,16.391205843591372,17.0
Month3,test,2024-06-01,Data2/2024-06-01/cam2=17-50-32_segment_2.png,b5e83dfe77037419c830b0dd01cf90f255d8159852792d87f99f72096e0a4fea,11,20.2760068787501,17.0
Month3,test,2024-06-01,Data2/2024-06-01/cam2=18-02-11_segment_3.png,9d3d77a7d563a48ec3ffa6c3e5aa128d9027ba5f039bda79545d8b652be552eb,11,17.68341964895778,17.0
Month3,test,2024-06-01,Data2/2024-06-01/cam2=18-21-15_segment_0.png,07ace3a48c7650cb3c0a79ce3ab3e02b3505abd0fc30a74c0ab4de5a55a239b4,11,18.718550883431423,17.0
Month3,test,2024-06-02,Data2/2024-06-02/cam1=15-38-57_segment_3.png,a5b3c21d2625e810541a5d8e38d7fbe98725fc9dc8eb97067d9451e1834acc0f,12,18.216729922580562,17.0
Month3,test,2024-06-02,Data2/2024-06-02/cam1=15-48-53_segment_4.png,fce47f4111fdd549820b369f61d3064ac88b4cfb7705cc4251a211c7dc2ec8c9,12,16.87734458649161,17.0
Month3,test,2024-06-02,Data2/2024-06-02/cam1=15-49-41_segment_1.png,eebdc87415ae068847593120af241eaaa3355eece1f726417a02a7ac54e6dbf7,12,17.284148622553353,17.0
Month3,test,2024-06-02,Data2/2024-06-02/cam1=16-14-43_segment_1.png,2688652d9eb2b9b3dcc290ab96dbf534cd5c3c3a281eeba870998f812a87889f,12,16.190501339801646,17.0
Month3,test,2024-06-02,Data2/2024-06-02/cam1=16-16-14_segment_1.png,b3d6a4dfebbea7fd2bc8e2dc75f27e7d677551f491bfae235d8ff1f40794dbca,12,16.582092287748605,17.0
Month3,test,2024-06-02,Data2/2024-06-02/cam2=15-39-38_segment_5.png,1387585d582a43253b708425c98cb5c4dcd6a934aef3daee6639ce7065d722d8,12,17.07181051104421,17.0
Month3,test,2024-06-02,Data2/2024-06-02/cam2=15-54-22_segment_1.png,64be6311483aee6e218be38bd86397a88380906e19a57d4a00c5a48b40f087a9,12,16.392550185909652,17.0
Month3,test,2024-06-02,Data2/2024-06-02/cam2=15-54-22_segment_5.png,c9fda11f6c7daa1beab5067a349ca2e592d7ee22253f0369f45ebef52f21a96e,12,14.768294341797167,17.0
Month3,test,2024-06-02,Data2/2024-06-02/cam2=16-08-28_segment_3.png,09917b5d15f6caf6ad727eb999495dbb7ca78f057faa24a0a7b726ae3d49ee8c,12,16.37322643049349,17.0
Month3,test,2024-06-02,Data2/2024-06-02/cam2=16-11-30_segment_0.png,11f6c5606336f0a6a03562a2e06a217e094dfb5914b3c29d2cad03779b7ab2f5,12,18.703450572585854,17.0
Month3,test,2024-06-02,Data2/2024-06-02/cam2=16-15-35_segment_7.png,2a0d309ca2c7b0aad8fe94197adbcb0e626a661785e8f96e21f021366bee4bf2,12,15.125033479692998,17.0
Month3,test,2024-06-02,Data2/2024-06-02/cam2=16-16-57_segment_2.png,2aa6c4126cadb05a5bdd9041b6f24ae052e20b2d149ac401f7b50ba0afece7e0,12,17.22702176603795,17.0
Month3,test,2024-06-03,Data2/2024-06-03/cam1=15-02-51_segment_1.png,12c39b8e587e4db256ec8f615d481f972989ce2b1aeba1bc4f9d465b90093ac2,13,17.302774842206745,17.0
Month3,test,2024-06-03,Data2/2024-06-03/cam1=15-50-57_segment_0.png,c375fe3746559fba2bc3fdab76578825934bd7fa4824e957ee72090d3f417fec,13,18.00921283086387,17.0
Month3,test,2024-06-03,Data2/2024-06-03/cam1=16-03-17_segment_5.png,7513c524f1f9b27f79d437b7d8f30e762fd8dfab777bc20f806452f307c6e7b8,13,12.497671246773345,17.0
Month3,test,2024-06-03,Data2/2024-06-03/cam1=16-13-32_segment_7.png,f893dd37df2456fe5d2815d52cd9b34250f65f48e7169fcdb41886baa8bc6a85,13,15.144348279012965,17.0
Month3,test,2024-06-03,Data2/2024-06-03/cam1=16-40-10_segment_5.png,68978ac982f00569be59611e850b5f4dfd1f7d0fa59b85eab07508e0961d62af,13,15.359755884238503,17.0
Month3,test,2024-06-03,Data2/2024-06-03/cam1=17-08-44_segment_2.png,d27f7226230d0e00f62de2f6842a37ac7ac08a734f68262b26248633fa330d05,13,22.409802503871425,17.0
Month3,test,2024-06-03,Data2/2024-06-03/cam2=14-42-14_segment_5.png,468df0eda98c6ad9d80f34fb77b3b283d9556dc853f8cdd58cd5a64cf4c2aa6c,13,18.2647512145811,17.0
Month3,test,2024-06-03,Data2/2024-06-03/cam2=15-53-59_segment_6.png,309d0357fb0a52523c20787cdc566f2cced8ff76d9addfe823b9e92a9062d8a4,13,16.28689106619198,17.0
Month3,test,2024-06-03,Data2/2024-06-03/cam2=16-59-32_segment_4.png,d903726922679db152f997b146442de7fde6b109ebff5ada498280483fb21952,13,22.089293017057877,17.0
Month3,test,2024-06-03,Data2/2024-06-03/cam2=17-05-11_segment_4.png,0d47377e46b5b11b96a92179e45d4374ef5bfd9ea8cbef22e9bad3689b92334c,13,18.59643789386091,17.0
Month3,test,2024-06-03,Data2/2024-06-03/cam2=17-07-20_segment_4.png,678b69b4348be3a0e1d858c277b32ca1a5c00ecf92541a4b5b3abd76db6ef47c,13,20.176633019826177,17.0
Month3,test,2024-06-03,Data2/2024-06-03/cam2=17-26-42_segment_4.png,b42ab6c6232587f4343a1470fe90d1d9917042bbd4f888d37d1b5ac08f66968c,13,21.4744293177676,17.0
Month3,test,2024-06-04,Data2/2024-06-04/cam1=16-34-36_segment_3.png,0a308f1e213544db326b17c2d34a575fe10d1c8a918bd6ef580bb7ccc89f7b8f,14,16.00288517483473,17.0
Month3,test,2024-06-04,Data2/2024-06-04/cam1=16-40-44_segment_6.png,6d10e1fa7e4798af1e36741bd894c042c946caa75d5f384eb5e5b40031862116,14,17.464247151087175,17.0
Month3,test,2024-06-04,Data2/2024-06-04/cam1=16-49-50_segment_6.png,40fc25be8b122203b0ab30c0a5bbad91b8e0ccd228767a42e773f8aa67d5b1f3,14,14.600592786861124,17.0
Month3,test,2024-06-04,Data2/2024-06-04/cam1=16-52-45_segment_6.png,1a38e16bb9605646ce10ee468c4771ea49fe715b2d2b47409e66eb8cc20a8818,14,15.931104796009864,17.0
Month3,test,2024-06-04,Data2/2024-06-04/cam1=16-55-44_segment_6.png,440de62bb3043a1f04d4b0ca09124eb0bc548f4897cd142bebe49bcec7e44de9,14,15.732906399005728,17.0
Month3,test,2024-06-04,Data2/2024-06-04/cam1=17-05-59_segment_3.png,7ff717c1b8009af67a4601ec619d4707474575ee1bbde77424f90094d7514587,14,15.799847243579384,17.0
Month3,test,2024-06-04,Data2/2024-06-04/cam1=17-06-07_segment_1.png,58f6a93368475f67a77e73ab573a063b7b13122b27d583918012a0766e364d24,14,20.214325063621388,17.0
Month3,test,2024-06-04,Data2/2024-06-04/cam1=17-25-45_segment_2.png,11f4e954aacc8e36946714864a38afa4602b779dad28edd885ae512a13a00e57,14,18.265829655706085,17.0
Month3,test,2024-06-04,Data2/2024-06-04/cam2=16-37-19_segment_8.png,c2c5ddf0c68079ade53a3480a4c3b1e930d263e34e1f1423ee6492af26cb9004,14,16.222554495634668,17.0
Month3,test,2024-06-04,Data2/2024-06-04/cam2=16-43-28_segment_2.png,f9877362f526b059337ca6f94f31807a9127914aef094b623d488d24cf0c77a4,14,17.739763478017025,17.0
Month3,test,2024-06-04,Data2/2024-06-04/cam2=16-47-19_segment_1.png,766afbd6e8ca9c832a2bac7b7ff4f207c829b57058299d20c74c638e8f7f4005,14,17.871033497533,17.0
Month3,test,2024-06-04,Data2/2024-06-04/cam2=17-03-27_segment_0.png,0b6701b4a1bc750a6fd44bf8c6f3b04147caa0e59c798341bee9287a64fb9cb2,14,19.280935183526964,17.0
Month3,test,2024-06-05,Data2/2024-06-05/cam1=16-45-35_segment_0.png,176220da0928da313c6a405e1b2e02637c33511a2e862f994b08402e987ddaf1,15,21.491684448289885,17.0
Month3,test,2024-06-05,Data2/2024-06-05/cam1=16-53-24_segment_6.png,3e1cc382ade156397f6a8d7f035cb97b998a2fc6023bdb1474b072cb97d61c70,15,15.882359422733979,17.0
Month3,test,2024-06-05,Data2/2024-06-05/cam1=18-03-20_segment_4.png,ed7f63f531534b6860e7d34a42835e07d00b0770a1523d8483de40f7ad9b8124,15,17.005774468118652,17.0
Month3,test,2024-06-05,Data2/2024-06-05/cam1=18-07-51_segment_2.png,7330f7df50e591042f5c4dc69a583918effce7f1fe8579c4a02ca4670576e198,15,18.272057457642,17.0
Month3,test,2024-06-05,Data2/2024-06-05/cam1=18-37-15_segment_1.png,dcaa23f7546ca7b7df29d4b4a15882e649f06a1381f2d2aee6615a95b155569d,15,20.9108955020667,17.0
Month3,test,2024-06-05,Data2/2024-06-05/cam2=16-29-49_segment_5.png,9b2bafb4fa7e1478c005907a48273a020fb2c86ef28e3f5e7803943d9954df70,15,17.612402011694712,17.0
Month3,test,2024-06-05,Data2/2024-06-05/cam2=16-42-31_segment_6.png,880e8bb6e6caaec7424a4d2c685bb5b5f7fc03ba500bc763ed9ee85999de1f5b,15,15.043680080976355,17.0
Month3,test,2024-06-05,Data2/2024-06-05/cam2=16-57-14_segment_3.png,bf5d7f9de9c192ebff31899e50c87910d9978805aaf94e0778ecc3d5ed50d670,15,19.452960875927726,17.0
Month3,test,2024-06-05,Data2/2024-06-05/cam2=18-13-32_segment_6.png,d3d3e71ce943655ad85803762f1c372e918f34f96bbfd65dafe7f259a743f8cd,15,14.586176147676355,17.0
Month3,test,2024-06-05,Data2/2024-06-05/cam2=18-46-09_segment_1.png,e6f9958d9b60fc98a9274b658871191f5dce7a6280ca05704851a91910f80fb7,15,24.2028349694016,17.0
Month3,test,2024-06-05,Data2/2024-06-05/cam2=18-58-59_segment_2.png,2faecba436323e962438fa99ee05d3ff5f3b1c806eff398bd60b8d73f01993f8,15,19.114438465678468,17.0
Month3,test,2024-06-05,Data2/2024-06-05/cam2=19-02-26_segment_3.png,28d073b65b2b35cd439b10af7b0c7578549e8da2893c1ace1c825e88bce1a1e6,15,17.913316374494137,17.0
Month3,test,2024-06-07,Data2/2024-06-07/cam1=17-40-22_segment_2.png,eb4a6437a1ae16093a0c066721eea3e45e27bb3ad8d9f3bfaed87595d1060c70,17,18.939183167072404,17.0
Month3,test,2024-06-07,Data2/2024-06-07/cam1=17-40-30_segment_3.png,df0afbca3f42ce94f495e197cc7571c9a0319fe0227c17ea070b015c7576f748,17,16.845563454748472,17.0
Month3,test,2024-06-07,Data2/2024-06-07/cam1=18-07-26_segment_4.png,faf44e2326e04e2b00577e266fe88e2c4ac5ee2e752a743058182f25722dd519,17,21.552628713161646,17.0
Month3,test,2024-06-07,Data2/2024-06-07/cam1=18-24-26_segment_2.png,f1fe24bf676f028a61abb8e22a4afffb3934283ec92720f86495632d39109ba4,17,21.092276568335283,17.0
Month3,test,2024-06-07,Data2/2024-06-07/cam1=18-51-20_segment_1.png,a6cd8e11e767df2adb98c769dc5ecb170dcede30ccd9a0551d75ef9eb123bc01,17,18.87461373436066,17.0
Month3,test,2024-06-07,Data2/2024-06-07/cam2=16-14-34_segment_4.png,16e926eea7b86564d73c858d44c2078055766cfddd02d299f462bb11484fb046,17,18.724652784238234,17.0
Month3,test,2024-06-07,Data2/2024-06-07/cam2=16-14-34_segment_6.png,ffe410eb0c3950c7e897720f62d9c5bb644bfa9173f156d2c9a1cbf1032057ab,17,14.547964623153984,17.0
Month3,test,2024-06-07,Data2/2024-06-07/cam2=18-11-13_segment_4.png,812096784cb9bf6a7e6b3ee538802a92701d66d21cefb40642e1049fba50a234,17,17.855641514646074,17.0
Month3,test,2024-06-07,Data2/2024-06-07/cam2=18-35-37_segment_5.png,35880a2345071de61d6aa5781eb794b2b30385ad54e8b2e17693ff1bcb4b1dc5,17,26.567283488340337,17.0
Month3,test,2024-06-07,Data2/2024-06-07/cam2=18-55-40_segment_3.png,4c44550bb2b9ae5b47a9c26efbaafd5a31e51e19ca181dc67cea4b52141ecf44,17,19.610103871184005,17.0
Month3,test,2024-06-07,Data2/2024-06-07/cam2=18-59-14_segment_4.png,d519197d3f7f1ce928ea58db96454d70caeaba41eca15c7795c8fc7c3afb8b5a,17,18.80963345477676,17.0
Month3,test,2024-06-07,Data2/2024-06-07/cam2=19-08-22_segment_3.png,adf4c8290efb5bb938f9ec49cd715a13ac490a51ea052d3edd65d85c9268d1fc,17,18.694473158299697,17.0
Month3,test,2024-06-08,Data2/2024-06-08/cam1=15-18-08_segment_2.png,d72b39420080f2425db4748dbe19f8a3b248ed6d1f83120aeddff630f7e8080e,18,23.990545416704656,17.0
Month3,test,2024-06-08,Data2/2024-06-08/cam1=15-21-35_segment_5.png,b209c559c4fd89cbb2658e58a46ccdbfde3abdca5445c87b4dfbed9452137ec9,18,19.606268912953244,17.0
Month3,test,2024-06-08,Data2/2024-06-08/cam1=15-26-53_segment_0.png,0a029bbcc2636f9aa68b3f6d4573fd5222e96b91291ae4b82f237add78d0af00,18,20.305945352843974,17.0
Month3,test,2024-06-08,Data2/2024-06-08/cam1=15-30-12_segment_4.png,ba2540e45e9a96f03d73f58042aca237f071fd419ebaf5da3a53ad1798580a8c,18,22.107857334549273,17.0
Month3,test,2024-06-08,Data2/2024-06-08/cam1=15-32-36_segment_0.png,7ae83aa0d61fe0842a48f4e53582ec7732e8267fc8d6a3b2d1e219548d6e5066,18,18.361826841394212,17.0
Month3,test,2024-06-08,Data2/2024-06-08/cam1=15-50-56_segment_2.png,90d35edcd01d1eb80731b3f914ee68d1e71de2da6f50841cf81c9e08b685eb1f,18,16.48826365729719,17.0
Month3,test,2024-06-08,Data2/2024-06-08/cam1=15-52-08_segment_1.png,03637d0903a5af5d723bd7daf3bf4c79785e174f2f739ced71fa653197d2d4cf,18,20.534246577148643,17.0
Month3,test,2024-06-08,Data2/2024-06-08/cam1=16-00-03_segment_3.png,211891679b5e7288bf74b803dca82892d4d63c6b9fb6103ce92706840fac2a6c,18,19.445268097137046,17.0
Month3,test,2024-06-08,Data2/2024-06-08/cam1=16-02-44_segment_1.png,dbee3d40c894a736ef66855979ffe202e6c6881089f2f45f5690f7304d0660b0,18,23.76591813316234,17.0
Month3,test,2024-06-08,Data2/2024-06-08/cam2=15-18-40_segment_1.png,befa73bbac62ef4ed6ea5f20e0f565f380a90ccf052495f19e042c3cbf491c97,18,19.592690728088204,17.0
Month3,test,2024-06-08,Data2/2024-06-08/cam2=15-18-40_segment_7.png,3b3bb4896c83e924851211f2b8421a0fdfd695278a968df21398d27b5cd2fa93,18,15.801322763334873,17.0
Month3,test,2024-06-08,Data2/2024-06-08/cam2=15-25-50_segment_1.png,740529de189c50560f35bf25ca4b3857938a8a712e2dc4c85020890d132f281c,18,17.502142734264954,17.0
Month3,test,2024-06-10,Data2/2024-06-10/cam1=11-40-56_segment_4.png,dc95e426945402e7d443e5ec02c0dff9a1468982422b0f13ae01ff5448a1463e,20,20.702849092901268,17.0
Month3,test,2024-06-10,Data2/2024-06-10/cam1=11-55-27_segment_3.png,129a29e7bda7e1fea166e331a6a96b16d13a402773a82368e2b3d9b51e227c7f,20,21.076153699017475,17.0
Month3,test,2024-06-10,Data2/2024-06-10/cam1=11-56-55_segment_1.png,9fc4b4daa852bfa860a1253b81238ff3d5f85178ab4b5719b7a0d98b8d4926aa,20,20.66033830470545,17.0
Month3,test,2024-06-10,Data2/2024-06-10/cam1=12-03-49_segment_4.png,42d90ce946f2cd584110374234d8d2ce675778878dd96783d910ad0ed52d2588,20,21.225242118545943,17.0
Month3,test,2024-06-10,Data2/2024-06-10/cam1=13-19-22_segment_0.png,20e61c249d9db1731fce19355dba5333d4c96d096b97a54b129d404e483468cc,20,19.310601086774934,17.0
Month3,test,2024-06-10,Data2/2024-06-10/cam1=13-27-47_segment_0.png,602d7f08df2ceabf142c866221da45126603a95118c540ccd2423be6e7f28a33,20,19.283773815395055,17.0
Month3,test,2024-06-10,Data2/2024-06-10/cam1=13-29-54_segment_3.png,1a34506260cd24b3d79864675ee8420dad9284f0eb503127d9aa79f9ea6935be,20,20.55536457481481,17.0
Month3,test,2024-06-10,Data2/2024-06-10/cam1=13-36-58_segment_2.png,3bc7f748c626304eed7c40d6a999d28bd51c2c73ddf2aa7b1b253f85ba2f662a,20,19.64543618012046,17.0
Month3,test,2024-06-10,Data2/2024-06-10/cam1=13-49-19_segment_2.png,f70b71ff7f083d6cd6a9fea2f4cc7361d7501e388eccb1cbf2c5e1cacd2ec350,20,19.832936848562618,17.0
Month3,test,2024-06-10,Data2/2024-06-10/cam1=13-52-52_segment_2.png,82271868522e58c68b8f91a1cef4667fe030cefe74f7e3ed45c175bd84dbf732,20,20.470058690562947,17.0
Month3,test,2024-06-10,Data2/2024-06-10/cam1=13-57-15_segment_2.png,e9f126d368bb5b931b5119c27bd6d6f8e29c5a41090a054f4f925f9567e2a0d5,20,20.457783469476812,17.0
Month3,test,2024-06-10,Data2/2024-06-10/cam1=14-00-22_segment_1.png,0711f59c2226f45cf231704278a17dfbc4342d7526f04434fc487c6facb13842,20,17.621141036940486,17.0
